id,name,teacher,day,slots,credit,isBase,isLang,CourseNumber,program,isSmr
1101001,刑法總則,李聖傑,6,D|5|6,3,True,False,961011001,法碩專班,False
1101002,民法總則,吳瑾瑜、周伯峰,4,F|G|H,3,True,False,961012001,法碩專班,False
1101003,證券交易法,朱德芳,4,F|G|H,3,False,False,961055001,法碩專班,False
1101004,爭議案件與法律解釋方法,江玉林,6,2|3|4,3,False,False,961079001,法碩專班,False
1101005,兩岸經貿法制與實務專題研究（二）,王文杰、劉德勳,5,F|G|H,2,False,False,961080005,法碩專班,True
1101006,信託法,周振鋒,2,F|G|H,2,False,False,961147005,法碩專班,True
1101007,社會事件的法律分析與研究,何賴傑、吳瑾瑜、李聖傑、詹鎮榮,6,D|5|6,2,False,False,961170005,法碩專班,True
1101008,國際人權公約與身分法實例研習,戴瑀如,2,F|G,2,False,False,961171001,法碩專班,False
1101009,氣候與能源法專題研究,許耀明,3,F|G|H,2,False,False,961179005,法碩專班,True
1101010,民事訴訟法,姜世明、劉明生,5,F|G|H,3,True,False,961006001,法碩專班,False
1101011,憲法,林佳和,5,F|G|H,3,True,False,961013001,法碩專班,False
1101012,民法債編各論,王千維、呂彥彬,6,D|5|6,3,True,False,961015001,法碩專班,False
1101013,保險法專題研究,葉啓洲,2,F|G|H,3,False,False,961040001,法碩專班,False
1101014,公司法,周振鋒,6,2|3|4,3,True,False,961042001,法碩專班,False
1101015,家事事件法,姜世明、劉明生,6,7|8|E,3,False,False,961049001,法碩專班,False
1101016,產業與競爭法專題研究,王立達,1,F|G|H,2,False,False,961092005,法碩專班,True
1101017,民事程序法爭議問題研究（一）,劉明生,2,F|G|H,1,False,False,961178005,法碩專班,True
1101018,民事證據法（四）,姜世明,6,2|3|4,1,False,False,961180005,法碩專班,True
1101019,文化批判與法律創新,王曉丹,6,2|3|4,1,False,False,961182005,法碩專班,True
1101020,行政法專題研究,詹鎮榮,1,F|G|H,3,False,False,961007001,法碩專班,False
1101021,國際法專題研究,許耀明、陳貞如,2,F|G|H,3,False,False,961056001,法碩專班,False
1101022,資訊法專題研究,陳起行、劉定基,1,F|G|H,2,False,False,961169005,法碩專班,True
1101023,電子商務與網路法,王立達,1,F|G|H,3,False,False,961175001,法碩專班,False
1101024,智慧財產權法專題研究（一）,沈宗倫、熊誦梅,3,F|G|H,3,False,False,961176001,法碩專班,False
1101025,刑法實例研習,陳志輝,2,F|G|H,2,False,False,961177005,法碩專班,True
1101026,法律倫理學,姜世明,6,D|5|6,1,False,False,961181005,法碩專班,True
1101027,刑事冤案與司法改革,楊雲驊,3,F|G,2,False,False,961183001,法碩專班,False
1101101,比較憲法專題研究（二）,廖元豪,3,5|6,2,False,False,651072001,法律系碩士班,False
1101102,行政法專題研究（四）,傅玲靜,2,7|8,2,False,False,651127001,法律系碩士班,False
1101103,刑事訴訟法專題研究（三）,段重民,1,6|7,2,False,False,651297001,法律系碩士班,False
1101104,刑事證據法專題研究（六）,楊雲驊,4,6|7,2,False,False,651380001,法律系碩士班,False
1101105,海洋法專題研究（一）,陳貞如,5,D|5,2,False,False,651471001,法律系碩士班,False
1101106,檢察實務研究（一）,蔡碧玉,5,3|4,2,False,False,651A18001,法律系碩士班,False
1101107,法學檔案與文獻研究分析方法論,陳柏良,2,5|6,2,False,False,651A86001,法律系碩士班,False
1101108,英文契約選讀（二）,朱德芳、劉承愚,1,F|G,2,False,True,651A87001,法律系碩士班,False
1101109,歐洲人權公約與司法實踐,王士帆,5,5|6|7,3,False,False,651A89001,法律系碩士班,False
1101110,英文法學名著選讀（三）,朱德芳、陳肇鴻,1,5|6|7,3,False,True,651055001,法律系碩士班,False
1101111,保險法專題研究（三）,林勳發,2,3|4,2,False,False,651056001,法律系碩士班,False
1101112,日文法學名著選讀（二）,林良榮,2,D|5|6,3,False,True,651171001,法律系碩士班,False
1101113,契約法專題研究（一）,周伯峰,4,3|4,2,False,False,651216001,法律系碩士班,False
1101114,中國法律思想史專題研究（一）,黃源盛,2,3|4,2,False,False,651244001,法律系碩士班,False
1101115,法理學專題研究（二）,江玉林,4,5|6|7,3,False,False,651245001,法律系碩士班,False
1101116,公司法專題研究（七）,劉連煜,2,6|7,2,False,False,651350001,法律系碩士班,False
1101117,公法實務專題研究（四）,董保城,4,F|G,2,False,False,651352001,法律系碩士班,False
1101118,勞動契約法專題研究（二）,林佳和,4,3|4,2,False,False,651370001,法律系碩士班,False
1101119,財法中心公益服務實習—金融消費評議中心見習,葉啓洲,3,E|F,2,False,False,651698001,法律系碩士班,False
1101120,國際人權法,翁燕菁,4,D|5|6,3,False,False,651731001,法律系碩士班,False
1101121,中國大陸公司法研究（一）,王文杰,3,3|4,2,False,False,651853001,法律系碩士班,False
1101122,會計實務與法律專題研究（一）,朱德芳、馬秀如,3,E|F|G,2,False,False,651A19001,法律系碩士班,False
1101123,WTO法專題研究（二）,許耀明,5,3|4,2,False,False,651A80001,法律系碩士班,False
1101124,智慧財產、數位平台與競爭法,王立達,4,5|6|7,3,False,False,651A88001,法律系碩士班,False
1101125,衍生性金融商品法律專題,陳肇鴻,2,3|4,2,False,False,651A90001,法律系碩士班,False
1101126,行政法論文寫作（六）,劉宗德,4,F|G,2,False,False,651A91001,法律系碩士班,False
1101127,律師實務（二）,范瑞華,3,7|8,2,False,False,651A92001,法律系碩士班,False
1101128,電子商務與網路法,王立達,4,3|4,2,False,False,651A93001,法律系碩士班,False
1101129,智慧財產權法專題研究（二）,沈宗倫,3,3|4,2,False,False,651011001,法律系碩士班,False
1101130,行政法專題研究（六）,陳靜慧,3,7|8,2,False,False,651084001,法律系碩士班,False
1101131,法制史專題研究（二）,黃琴唐,3,2|3|4,3,False,False,651236001,法律系碩士班,False
1101132,契約法專題研究（五）,楊淑文,2,5|6,2,False,False,651349001,法律系碩士班,False
1101133,民事實務專題研究（三）,蘇永欽,5,7|8,2,False,False,651362001,法律系碩士班,False
1101134,民事訴訟法專題研究（四）,姜世明、劉明生,1,5|6,2,False,False,651364001,法律系碩士班,False
1101135,刑事證據法專題研究（五）,何賴傑,2,3|4,2,False,False,651374001,法律系碩士班,False
1101136,社會法專題研究（三）,張桐銳,3,3|4,2,False,False,651405001,法律系碩士班,False
1101137,英文公法學名著選讀（五）,劉定基,4,D|5|6,3,False,True,651440001,法律系碩士班,False
1101138,身分法專題研究（七）,林秀雄,5,5|6,2,False,False,651448001,法律系碩士班,False
1101139,民商法案例研習,朱德芳、許政賢,5,5|6,2,False,False,651733001,法律系碩士班,False
1101140,民法中心公益服務實習（三）,周伯峰,2,C,1,False,False,651820001,法律系碩士班,False
1101141,國際租稅法,鍾騏,5,2|3|4,3,False,False,651A14001,法律系碩士班,False
1101142,AI與倫理,陳柏良,1,D|5|6,3,False,False,651A59001,法律系碩士班,False
1101143,國際公司治理專題研究（五）,周振鋒,5,5|6,2,False,False,651A81001,法律系碩士班,False
1101144,國際公法專題研究（七）,陳貞如,4,3|4,2,False,False,651A82001,法律系碩士班,False
1101145,資訊通訊法與社會,蘇蘅,2,D|5,2,False,False,651A83001,法律系碩士班,False
1101201,刑法,李聖傑、陳志輝,3,5|6|7,3,False,False,652100001,法科所,False
1101202,勞動法,林良榮,3,D|5|6,3,False,False,652151011,法科所,False
1101203,法律倫理,姜世明,4,5|6,2,False,False,652155011,法科所,False
1101204,國際公法,陳純一,3,2|3|4,3,False,False,652163001,法科所,False
1101205,商事法總論與公司法,朱德芳,5,2|3|4,3,False,False,652174001,法科所,False
1101206,企業併購實例研習（三）,方嘉麟、林進富、樓永堅,5,5|6|7,3,False,False,652177001,法科所,False
1101207,資訊科技與法律（二）,謝國廉,1,D|5|6|7,2,False,False,652187001,法科所,False
1101208,法律科際整合論文邏輯與寫作,王曉丹,2,6,1,False,False,652864001,法科所,False
1101209,公務員法（二）,張桐銳,1,5|6,2,False,False,652865001,法科所,False
1101210,行政程序法與正當程序,傅玲靜,1,7|8,2,False,False,652866001,法科所,False
1101211,智慧財產、數位平台與競爭法,王立達,4,5|6|7,3,False,False,652868001,法科所,False
1101212,憲法,吳秦雯,4,2|3|4,3,True,False,652098001,法科所,False
1101213,法學導論,王曉丹,2,D|5,2,True,False,652120001,法科所,False
1101214,勞動法,林佳和,3,D|5|6,3,False,False,652151001,法科所,False
1101215,法律倫理,劉宏恩,4,5|6,2,False,False,652155001,法科所,False
1101216,票據法,顏玉明,3,5|6,2,False,False,652167001,法科所,False
1101217,票據法,周振鋒,4,3|4,2,False,False,652167011,法科所,False
1101218,公法綜合研習,詹鎮榮,2,3|4,2,False,False,652173001,法科所,False
1101219,商事法總論與公司法,周振鋒,5,2|3|4,3,False,False,652174011,法科所,False
1101220,商事法總論與公司法,方嘉麟,5,2|3|4,3,False,False,652174021,法科所,False
1101221,民事法綜合研習,楊淑文,4,3|4,2,False,False,652178001,法科所,False
1101222,勞動法案例研究,林良榮,4,5|6,2,False,False,652877001,法科所,False
1101223,臨終死亡的倫理與法律議題（二）,劉宏恩,4,2|3|4,3,False,False,652879001,法科所,False
1101224,金融與法律（一）,詹庭禎,1,8|E,2,False,False,652123001,法科所,False
1101225,國際私法,王海南,3,D|5|6,3,False,False,652137001,法科所,False
1101226,國際私法,戴瑀如,2,D|5|6,3,False,False,652137011,法科所,False
1101227,證券交易法,朱德芳,3,3|4,2,False,False,652150001,法科所,False
1101228,法律服務,呂彥彬,3,D,1,False,False,652160001,法科所,False
1101229,非訟程序,劉明生,3,5|6,2,False,False,652175001,法科所,False
1101230,電子商務與網路法,王立達,4,3|4,2,False,False,652867001,法科所,False
1101231,家事事件法,姜世明、許政賢,4,3|4,2,False,False,652905001,法科所,False
1101232,專利法,沈宗倫,2,5|6,2,False,False,652931001,法科所,False
1102001,物權法,吳瑾瑜、呂彥彬、陳洸岳,5,F|G|H,3,True,False,961022001,法碩專班,False
1102002,刑法分則,陳志輝,6,2|3|4,3,True,False,961023001,法碩專班,False
1102003,勞社法導論,林佳和、張桐銳,5,F|G|H,3,True,False,961025001,法碩專班,False
1102004,法學思維與刑法,陳志輝,6,7,1,False,False,961087001,法碩專班,False
1102005,強制執行法專題研究（二）,劉明生,3,F|G,2,False,False,961185001,法碩專班,False
1102006,企業併購法專題研究,朱德芳、劉連煜,1,F|G|H,3,False,False,961028001,法碩專班,False
1102007,消費者保護法專題研究,楊淑文,5,F|G,2,False,False,961127001,法碩專班,False
1102008,侵權責任與責任保險專題研究,葉啓洲,2,F|G|H,3,False,False,961140001,法碩專班,False
1102009,中國大陸投資法律制度與實務（一）,王文杰,4,F|G|H,3,False,False,961150001,法碩專班,False
1102010,行政法,吳秦雯,6,D|5|6,3,True,False,961020001,法碩專班,False
1102011,民法債編總論,王千維、呂彥彬,2,F|G|H,3,True,False,961021001,法碩專班,False
1102012,刑事訴訟法,楊雲驊,6,2|3|4,3,True,False,961024001,法碩專班,False
1102013,身分法,戴瑀如,4,F|G|H,3,False,False,961054001,法碩專班,False
1102014,視覺影像中的法律,江玉林,6,2|3|4,3,False,False,961154001,法碩專班,False
1102015,論文寫作專題研究,李聖傑、戴瑀如,6,7|8,2,False,False,961156001,法碩專班,False
1102016,歐美比較智慧財產權法專題研究（一）,沈宗倫、熊誦梅,3,F|G|H,3,False,False,961162001,法碩專班,False
1102017,全球治理與法律,許耀明,3,F|G|H,3,False,False,961184001,法碩專班,False
1102018,環境法,傅玲靜,2,F,1,False,False,961186001,法碩專班,False
1102101,刑法專題研究（五）,李聖傑,4,3|4,2,False,False,651326001,法律系碩士班,False
1102102,集體勞動法專題研究（一）,林良榮,2,5|6,2,False,False,651355001,法律系碩士班,False
1102103,財產法專題研究（六）,呂彥彬,2,7|8,2,False,False,651389001,法律系碩士班,False
1102104,超國界法律問題專題研究（四）,許耀明,2,3|4,2,False,False,651466001,法律系碩士班,False
1102105,民法中心公益服務實習,周伯峰,2,C,1,False,False,651541001,法律系碩士班,False
1102106,公法中心公益服務實習（六）,傅玲靜,2,7,1,False,False,651664001,法律系碩士班,False
1102107,財法中心公益服務實習—金融消費評議中心見習,葉啓洲,3,E|F,2,False,False,651698001,法律系碩士班,False
1102108,歐盟經貿法,洪德欽,3,E|F|G,3,False,False,651706001,法律系碩士班,False
1102109,比較金融監理與規範,陳肇鴻,4,3|4,2,False,False,651B10001,法律系碩士班,False
1102110,德文法學名著選讀（一）,楊雲驊,1,5|6|7,3,False,True,651005001,法律系碩士班,False
1102111,英文法學名著選讀（七）,廖元豪,2,2|3|4,3,False,True,651092001,法律系碩士班,False
1102112,刑事證據法專題研究（一）,楊雲驊,4,5|6,2,False,False,651330001,法律系碩士班,False
1102113,福利服務與社會救助法專題研究（二）,孫迺翊,2,3|4,2,False,False,651376001,法律系碩士班,False
1102114,金融法專題研究（三）,臧正運,1,D|5|6,3,False,False,651398001,法律系碩士班,False
1102115,環境法（二）,傅玲靜,1,7|8,2,False,False,651566001,法律系碩士班,False
1102116,民商法案例研習（一）,朱德芳、許政賢,5,5|6,2,False,False,651659001,法律系碩士班,False
1102117,財經法綜合研習,朱德芳、程春益,1,7|8,2,False,False,651A28001,法律系碩士班,False
1102118,經濟法專題研究（四）,王立達,2,F|G,2,False,False,651A95001,法律系碩士班,False
1102119,民事訴訟法學方法論專題（一）,劉明生,1,5|6,2,False,False,651B02001,法律系碩士班,False
1102120,行政法專題研究（一）,詹鎮榮,2,5|6,2,False,False,651169001,法律系碩士班,False
1102121,刑事訴訟法專題研究（五）,何賴傑,2,3|4,2,False,False,651174001,法律系碩士班,False
1102122,法學方法專題研究（一）,江玉林,4,D|5|6,3,False,False,651209001,法律系碩士班,False
1102123,財產法專題研究（三）,周伯峰,2,3|4,2,False,False,651230001,法律系碩士班,False
1102124,憲法專題研究（四）,蘇永欽,5,5|6,2,False,False,651309001,法律系碩士班,False
1102125,保險法專題研究（六）,葉啓洲,5,5|6,2,False,False,651375001,法律系碩士班,False
1102126,物權法專題研究（三）,吳瑾瑜,1,7|8,2,False,False,651470001,法律系碩士班,False
1102127,法律診療－勞動訴訟實務,陳金泉,2,5|6,2,False,False,651560001,法律系碩士班,False
1102128,國際人道法與難民法,蔡沛倫,1,7|8,2,False,False,651641001,法律系碩士班,False
1102129,公務員法,張桐銳,1,7|8,2,False,False,651A11001,法律系碩士班,False
1102130,國際公法專題研究（八）,陳貞如,5,3|4,2,False,False,651A97001,法律系碩士班,False
1102131,行政法論文寫作（七）,劉宗德,4,F|G,2,False,False,651A99001,法律系碩士班,False
1102132,刑事訴訟實務研究,楊皓清,5,E|F,2,False,False,651B01001,法律系碩士班,False
1102133,專題三：AI與治理,陳柏良,2,2|3|4,3,False,False,651B06001,法律系碩士班,False
1102134,民事審判實務研究,邱景芬,5,6|7,2,False,False,651B09001,法律系碩士班,False
1102135,法社會學（一）,王曉丹,2,7|8|E,3,False,False,651B11001,法律系碩士班,False
1102136,親子法專題研究（三）,戴瑀如,4,3|4,2,False,False,651B12001,法律系碩士班,False
1102137,日文法學名著選讀（一）,黃琴唐,3,5|6|7,3,False,True,651019001,法律系碩士班,False
1102138,證券交易法專題研究（二）,劉連煜,2,6|7,2,False,False,651323001,法律系碩士班,False
1102139,法文法學名著選讀（一）,吳秦雯,3,D|5|6,3,False,True,651386001,法律系碩士班,False
1102140,鑑識會計,朱德芳、馬秀如,3,E|F|G,2,False,False,651A29001,法律系碩士班,False
1102141,檢察實務研究（二）,蔡碧玉,5,3|4,2,False,False,651A46001,法律系碩士班,False
1102142,國際公司治理專題研究（六）,周振鋒,5,5|6,2,False,False,651A94001,法律系碩士班,False
1102143,原住民族行政及法規,吳秦雯,2,D|5|6,3,False,False,651A98001,法律系碩士班,False
1102144,人工智慧、資訊安全與法律,劉定基,3,5|6,2,False,False,651B04001,法律系碩士班,False
1102145,新媒體平台責任比較研究,劉定基,4,5|6|7,3,False,False,651B05001,法律系碩士班,False
1102146,公務員法（二）,張桐銳,1,7|8,2,False,False,651B08001,法律系碩士班,False
1102201,行政救濟法,王碧芳,1,E|F|G,3,False,False,652139001,法科所,False
1102202,刑事法綜合研習,林俊益,1,5|6|7|8,2,False,False,652159001,法科所,False
1102203,國際公法,許耀明,2,D|5|6,3,False,False,652163001,法科所,False
1102204,海商法,張新平,5,D|5,2,False,False,652166011,法科所,False
1102205,公平交易法,王立達,5,6|7,2,False,False,652164001,法科所,False
1102206,海洋事務與法律（一）,陳貞如,5,D,1,False,False,652191001,法科所,False
1102207,臨終死亡的倫理與法律議題（一）,劉宏恩,4,2|3|4,3,False,False,652192001,法科所,False
1102208,地方自治法,詹鎮榮,3,3|4,2,False,False,652903001,法科所,False
1102209,工程與法律（一）,顏玉明,5,5|6,2,False,False,652122001,法科所,False
1102210,國際貿易與法律（二）,洪德欽、許耀明、陳貞如,4,5|6|7,3,False,False,652147001,法科所,False
1102211,法律服務,呂彥彬,3,C,1,False,False,652160002,法科所,False
1102212,民事訴訟法（二）,劉明生,2,2|3|4,3,False,False,652162001,法科所,False
1102213,保險法,陳俊元,5,2|3|4,3,False,False,652165011,法科所,False
1102214,經濟法,王立達,5,8,1,False,False,652874001,法科所,False
1102215,政府採購法,顏玉明,3,5|6,2,False,False,652927001,法科所,False
1102216,刑法,黃士軒,4,D|5|6,3,False,False,652100002,法科所,False
1102217,行政法,詹鎮榮,2,2|3|4,3,False,False,652101001,法科所,False
1102218,醫療與法律（二）,王聖惠,1,E|F,2,False,False,652129001,法科所,False
1102219,社會法,張桐銳,3,2|3|4,3,False,False,652146001,法科所,False
1102220,民事訴訟法（二）,許政賢,2,2|3|4,3,False,False,652162011,法科所,False
1102221,保險法,葉啓洲,5,2|3|4,3,False,False,652165001,法科所,False
1102222,海商法,沈宗倫,2,5|6,2,False,False,652166001,法科所,False
1102223,刑事訴訟法（二）,楊雲驊,4,3|4,2,False,False,652170001,法科所,False
1102224,環境法（二）,傅玲靜,1,7|8,2,False,False,652862001,法科所,False
1102225,經濟法專題研究（四）,王立達,2,F|G,2,False,False,652863001,法科所,False
1102226,歐盟經貿法,洪德欽,3,E|F|G,3,False,False,652892001,法科所,False
1102227,強制執行法與破產法,劉明生,3,5|6,2,False,False,652907001,法科所,False
1111001,民事訴訟法,姜世明、劉明生,6,2|3|4,3,True,False,961006001,法碩專班,False
1111002,刑法總則,陳志輝,5,F|G|H,3,True,False,961011001,法碩專班,False
1111003,民法總則,吳瑾瑜、周伯峰,6,D|5|6,3,True,False,961012001,法碩專班,False
1111004,保險法專題研究,葉啓洲,2,F|G|H,3,False,False,961040001,法碩專班,False
1111005,勞動法,林佳和,4,F|G|H,3,False,False,961060001,法碩專班,False
1111006,爭議案件與法律解釋方法,江玉林,6,2|3|4,3,False,False,961079001,法碩專班,False
1111007,家事事件法專題研究,姜世明、劉明生,6,D|5|6,3,False,False,961086001,法碩專班,False
1111008,證據法專題研究,姜世明,0,D|5|6,1,False,False,961107005,法碩專班,True
1111009,兩岸經貿法制與實務專題研究（一）,王文杰、劉德勳,4,F|G|H,2,False,False,961149005,法碩專班,True
1111010,公司治理專題研究,周振鋒,2,F|G|H,2,False,False,961152005,法碩專班,True
1111011,國際人權公約與身分法實例研習,戴瑀如,3,F|G,2,False,False,961171001,法碩專班,False
1111012,公共衛生與法律,江玉林,6,2|3|4,1,False,False,961187005,法碩專班,True
1111013,擔保法,呂彥彬,3,F|G,2,False,False,961191001,法碩專班,False
1111014,民法債編各論,王千維、呂彥彬,5,F|G|H,3,True,False,961015001,法碩專班,False
1111015,醫事刑法專題研究,李聖傑、林萍章、陳子平,6,D|5|6,3,False,False,961072001,法碩專班,False
1111016,產業與競爭法專題研究,王立達,1,F|G|H,2,False,False,961092005,法碩專班,True
1111017,工程爭議專題研究,顏玉明,2,F|G|H,3,False,False,961093001,法碩專班,False
1111018,電子商務與網路法,王立達,1,F|G|H,3,False,False,961175001,法碩專班,False
1111019,刑法實例研習,陳志輝,2,F|G|H,2,False,False,961177005,法碩專班,True
1111020,國際民商事爭端解決專題研究,許耀明,4,F|G|H,2,False,False,961188005,法碩專班,True
1111021,民事程序法爭議問題研究（二）,劉明生,3,F|G|H,1,False,False,961189005,法碩專班,True
1111022,憲法,廖元豪,6,2|3|4,3,True,False,961013001,法碩專班,False
1111023,公司法,周振鋒,6,D|5|6,3,True,False,961042001,法碩專班,False
1111024,國際法專題研究,許耀明、陳貞如,4,F|G|H,3,False,False,961056001,法碩專班,False
1111025,政府採購法專題研究,顏玉明,1,F|G|H,2,False,False,961068005,法碩專班,True
1111026,法律倫理,姜世明,0,D|5|6,1,False,False,961075005,法碩專班,True
1111027,公私協力法,詹鎮榮,1,F|G|H,2,False,False,961121005,法碩專班,True
1111028,信託法,周振鋒,5,F|G|H,1,False,False,961147005,法碩專班,True
1111029,永續、社會與治理-ESG 的法制挑戰,朱德芳、吳秦雯、傅玲靜,1,F|G|H,3,False,False,961190001,法碩專班,False
1111101,行政法專題研究（二）,陳靜慧,3,7|8,2,False,False,651067011,法律系碩士班,False
1111102,英文法學名著選讀（六）,朱德芳,2,D|5|6,3,False,True,651082001,法律系碩士班,False
1111103,民事訴訟法專題研究（一）,姜世明、劉明生,1,5|6,2,False,False,651099001,法律系碩士班,False
1111104,公司法專題研究（二）,劉連煜,1,7|8,2,False,False,651157001,法律系碩士班,False
1111105,日文法學名著選讀（二）,謝如媛,4,2|3|4,3,False,True,651171001,法律系碩士班,False
1111106,身分法專題研究（六）,林秀雄,4,5|6,2,False,False,651417001,法律系碩士班,False
1111107,社會法專題研究（四）,張桐銳,3,3|4,2,False,False,651457001,法律系碩士班,False
1111108,比較行政法專題研究（一）,吳秦雯,4,3|4,2,False,False,651476001,法律系碩士班,False
1111109,海洋法專題研究（二）,陳貞如,4,D|5,2,False,False,651545001,法律系碩士班,False
1111110,公司法案例研習（二）,周振鋒,5,C,1,False,False,651696001,法律系碩士班,False
1111111,財法中心公益服務實習—金融消費評議中心見習,葉啓洲,3,E|F,2,False,False,651698001,法律系碩士班,False
1111112,國際租稅法,鍾騏,5,2|3|4,3,False,False,651A14001,法律系碩士班,False
1111113,智慧財產、數位平台與競爭法,王立達,4,5|6|7,3,False,False,651A88001,法律系碩士班,False
1111114,歐洲人權公約與司法實踐,王士帆,3,7|8|E,3,False,False,651A89001,法律系碩士班,False
1111115,國際商務糾紛解決,顏玉明,5,7|8,2,False,False,651B17001,法律系碩士班,False
1111116,環境權與環境正義,傅玲靜,1,7|8,2,False,False,651B18001,法律系碩士班,False
1111117,專題三：AI與倫理,陳柏良,3,2|3|4,3,False,False,651B21001,法律系碩士班,False
1111118,智慧財產權法專題研究（三）,沈宗倫,4,3|4,2,False,False,651062001,法律系碩士班,False
1111119,中國法律思想史專題研究（一）,黃源盛,2,3|4,2,False,False,651244001,法律系碩士班,False
1111120,刑事證據法專題研究（二）,何賴傑,2,3|4,2,False,False,651336001,法律系碩士班,False
1111121,勞動契約法專題研究（三）,林良榮,2,5|6,2,False,False,651411001,法律系碩士班,False
1111122,英文公法學名著選讀（六）,廖元豪,3,D|5|6,3,False,True,651447001,法律系碩士班,False
1111123,契約法專題研究（六）,周伯峰,4,3|4,2,False,False,651463001,法律系碩士班,False
1111124,刑事訴訟法專題研究（一）,楊雲驊,4,5|6,2,False,False,651944001,法律系碩士班,False
1111125,律師實務,范瑞華,3,7|8,2,False,False,651A13001,法律系碩士班,False
1111126,會計實務與法律專題研究（一）,朱德芳、馬秀如,3,E|F|G,2,False,False,651A19001,法律系碩士班,False
1111127,財經法綜合研習,朱德芳、程春益,2,7|8,2,False,False,651A28001,法律系碩士班,False
1111128,民法中心公益服務實習（四）,周伯峰,2,C,1,False,False,651A47001,法律系碩士班,False
1111129,刑事訴訟法專題研究（七）,段重民,1,6|7,2,False,False,651B15001,法律系碩士班,False
1111130,行政法論文寫作（八）,劉宗德,4,F|G,2,False,False,651B19001,法律系碩士班,False
1111131,台灣民主法治的現況與挑戰,劉定基,2,5|6|7,3,False,False,651B22001,法律系碩士班,False
1111132,法制史專題研究（四）,黃琴唐,3,5|6|7,3,False,False,651166001,法律系碩士班,False
1111133,德文法學名著選讀（二）,林佳和,2,6|7|8,3,False,True,651172001,法律系碩士班,False
1111134,民事實務專題研究（四）,蘇永欽,5,5|6,2,False,False,651383001,法律系碩士班,False
1111135,公法實務專題研究（一）,傅玲靜,2,E|F,2,False,False,651461001,法律系碩士班,False
1111136,大陸經貿法律研究（一）,王文杰,3,3|4,2,False,False,651485001,法律系碩士班,False
1111137,公司法案例研習（三）,朱德芳,5,C,1,False,False,651650001,法律系碩士班,False
1111138,公司法案例研習（一）,方嘉麟,5,C,1,False,False,651717001,法律系碩士班,False
1111139,WTO專題研究：農業與環境,洪德欽,5,E|F|G,3,False,False,651719001,法律系碩士班,False
1111140,國際人權法,許耀明,4,D|5|6,3,False,False,651731001,法律系碩士班,False
1111141,民商法案例研習（二）,朱德芳、許政賢,5,E|F,2,False,False,651A12001,法律系碩士班,False
1111142,檢察實務研究（一）,蔡碧玉,5,3|4,2,False,False,651A18001,法律系碩士班,False
1111143,金融科技法制與監理專題研究（一）,臧正運,1,E|F|G,3,False,False,651A30001,法律系碩士班,False
1111144,電子商務與網路法,王立達,4,3|4,2,False,False,651A93001,法律系碩士班,False
1111145,法學整合研究與論文研討,王立達,5,F,1,False,False,651B13001,法律系碩士班,False
1111146,營建工程法律專題研究（一）,顏玉明,5,5|6,2,False,False,651B14001,法律系碩士班,False
1111147,視覺影像中的法律,江玉林,4,D|5|6,3,False,False,651B16001,法律系碩士班,False
1111148,公法實務專題研究（五）,董保城,4,F|G,2,False,False,651B20001,法律系碩士班,False
1111201,憲法,陳靜慧,3,D|5|6,3,True,False,652098001,法科所,False
1111202,勞動法,林佳和,3,D|5|6,3,False,False,652151001,法科所,False
1111203,法律倫理,劉宏恩,4,5|6,2,False,False,652155001,法科所,False
1111204,票據法,顏玉明,3,5|6,2,False,False,652167001,法科所,False
1111205,票據法,周振鋒,4,3|4,2,False,False,652167011,法科所,False
1111206,商事法總論與公司法,周振鋒,5,2|3|4,3,False,False,652174011,法科所,False
1111207,非訟程序,劉明生,2,5|6,2,False,False,652175001,法科所,False
1111208,國際商務糾紛解決,顏玉明,5,7|8,2,False,False,652861001,法科所,False
1111209,WTO專題研究：農業與環境,洪德欽,5,E|F|G,3,False,False,652893001,法科所,False
1111210,營建工程法律專題研究（一）,顏玉明,5,5|6,2,False,False,652934001,法科所,False
1111211,企業併購實例研習（一）,朱德芳、林進富、樓永堅,5,5|6|7,3,False,False,652064001,法科所,False
1111212,法學導論,王曉丹,4,5|6,2,True,False,652120001,法科所,False
1111213,國際私法,戴瑀如,2,D|5|6,3,False,False,652137011,法科所,False
1111214,法律服務,呂彥彬,3,C,1,False,False,652160001,法科所,False
1111215,基礎刑法,謝如媛,3,2|3|4,3,True,False,652193001,法科所,False
1111216,刑事程序與科技,王士帆、何賴傑,3,5|6,2,False,False,652860001,法科所,False
1111217,生物醫學倫理與法律（一）,劉宏恩,4,2|3|4,3,False,False,652929001,法科所,False
1111218,專利法,沈宗倫,2,5|6,2,False,False,652931001,法科所,False
1111219,國際私法,王海南,3,D|5|6,3,False,False,652137001,法科所,False
1111220,金融與法律（二）,詹庭禎,1,8|E,2,False,False,652144001,法科所,False
1111221,勞動法,林良榮,3,D|5|6,3,False,False,652151011,法科所,False
1111222,法律倫理,姜世明,4,5|6,2,False,False,652155011,法科所,False
1111223,國際公法,陳純一,3,E|F|G,3,False,False,652163001,法科所,False
1111224,智慧財產權法總論,馮震宇,3,3|4,2,False,False,652168001,法科所,False
1111225,公法綜合研習,吳秦雯,3,5|6,2,False,False,652173001,法科所,False
1111226,商事法總論與公司法,方嘉麟,5,2|3|4,3,False,False,652174001,法科所,False
1111227,商事法總論與公司法,朱德芳,5,2|3|4,3,False,False,652174021,法科所,False
1111228,民事法綜合研習,呂彥彬、楊淑文,1,7|8,2,False,False,652178001,法科所,False
1111229,資訊科技與法律（三）,謝國廉,1,D|5|6|7,2,False,False,652189001,法科所,False
1111230,智慧財產、數位平台與競爭法,王立達,4,5|6|7,3,False,False,652194001,法科所,False
1111231,電子商務與網路法,王立達,4,3|4,2,False,False,652195001,法科所,False
1111232,公務員法,張桐銳,1,7|8,2,False,False,652871001,法科所,False
1111233,家事事件法,姜世明、許政賢,4,3|4,2,False,False,652905001,法科所,False
1112001,民事證據法專題研究,姜世明,6,7,1,False,False,961016001,法碩專班,False
1112002,民法債編總論,王千維、呂彥彬,6,2|3|4,3,True,False,961021001,法碩專班,False
1112003,刑事訴訟法,何賴傑,6,2|3|4,3,True,False,961024001,法碩專班,False
1112004,企業併購法專題研究,朱德芳、劉連煜,2,F|G|H,3,False,False,961028001,法碩專班,False
1112005,租稅法專題研究,盛子龍、陳貞如,5,F|G,2,False,False,961045001,法碩專班,False
1112006,刑法專題研究（一）,陳志輝,1,F,1,False,False,961194001,法碩專班,False
1112007,行政法,傅玲靜,5,F|G|H,3,True,False,961020001,法碩專班,False
1112008,智慧財產權法專題研究（一）,沈宗倫、熊誦梅,4,F|G|H,3,False,False,961176001,法碩專班,False
1112009,強制執行法專題研究（三）,劉明生,3,F|G,2,False,False,961192001,法碩專班,False
1112010,智慧財產權法專題研究（二）,沈宗倫、熊誦梅,4,F|G|H,3,False,False,961195001,法碩專班,False
1112011,刑法分則,李聖傑,6,D|5|6,3,True,False,961023001,法碩專班,False
1112012,白領犯罪專題研究,李聖傑、黃士軒,2,F|G|H,3,False,False,961043001,法碩專班,False
1112013,中國大陸投資法律制度與實務,王文杰,4,F|G|H,3,False,False,961047001,法碩專班,False
1112014,身分法,劉宏恩、戴瑀如,4,F|G|H,3,False,False,961054001,法碩專班,False
1112015,證券交易法,朱德芳,1,F|G|H,3,False,False,961055001,法碩專班,False
1112016,個人資料保護法,劉定基,2,F|G|H,3,False,False,961139001,法碩專班,False
1112017,視覺影像中的法律,江玉林,6,D|5|6,3,False,False,961154001,法碩專班,False
1112018,論文寫作專題研究,李聖傑、周振鋒、戴瑀如,6,2|3|4,3,False,False,961156001,法碩專班,False
1112019,歐盟法專題研究,許耀明,3,F|G|H,3,False,False,961164001,法碩專班,False
1112020,行政救濟法,吳秦雯,6,D|5|6,3,False,False,961193001,法碩專班,False
1112101,行政法專題研究（七）,詹鎮榮,3,5|6,2,False,False,651085001,法律系碩士班,False
1112102,侵權行為法專題研究（二）,張韻琪,3,D|5|6,3,False,False,651167001,法律系碩士班,False
1112103,憲法專題研究（一）,蘇永欽,2,5|6,2,False,False,651222001,法律系碩士班,False
1112104,刑法專題研究（一）,李聖傑,4,D|5|6,3,False,False,651276001,法律系碩士班,False
1112105,比較憲法專題研究（五）,廖元豪,4,5|6,2,False,False,651455001,法律系碩士班,False
1112106,公法中心公益服務實習（六）,傅玲靜,1,D,1,False,False,651664001,法律系碩士班,False
1112107,中國大陸公司法研究（二）,王文杰,3,3|4,2,False,False,651838001,法律系碩士班,False
1112108,法學整合研究與論文研討（二）,王立達,4,F,1,False,False,651B23001,法律系碩士班,False
1112109,集體勞動法專題研究（四）,林佳和,2,5|6,2,False,False,651B24001,法律系碩士班,False
1112110,英文契約選讀（三）,劉承愚,1,F|G,2,False,True,651B25001,法律系碩士班,False
1112111,行政法論文寫作（九）,劉宗德,3,F|G,2,False,False,651B27001,法律系碩士班,False
1112112,民事審判實務研究（一）,邱景芬,5,D|5|6|7,2,False,False,651B32001,法律系碩士班,False
1112113,日文法學名著選讀（三）,陳洸岳,2,3|4|C,3,False,True,651017001,法律系碩士班,False
1112114,法理學專題研究（三）,江玉林,4,3|4|C,3,False,False,651048001,法律系碩士班,False
1112115,行政法專題研究（八）,傅玲靜,2,3|4,2,False,False,651087001,法律系碩士班,False
1112116,親子法專題研究（一）,戴瑀如,4,3|4,2,False,False,651095001,法律系碩士班,False
1112117,證券交易法專題研究（一）,劉連煜,1,7|8,2,False,False,651125001,法律系碩士班,False
1112118,民事訴訟法專題研究（二）,姜世明,1,C|D,2,False,False,651126001,法律系碩士班,False
1112119,經濟法專題研究（一）,王立達,4,7|8,2,False,False,651208001,法律系碩士班,False
1112120,保險法專題研究（一）,葉啓洲,2,3|4,2,False,False,651221001,法律系碩士班,False
1112121,憲法專題研究（二）,林佳和,4,3|4,2,False,False,651229001,法律系碩士班,False
1112122,財產法專題研究（四）,周伯峰,3,3|4,2,False,False,651316001,法律系碩士班,False
1112123,民事實務專題研究（四）,蘇永欽,5,3|4,2,False,False,651383001,法律系碩士班,False
1112124,公法實務專題研究（一）,陳靜慧,3,7|8,2,False,False,651461001,法律系碩士班,False
1112125,信託法理論與實務,方嘉麟、胡玉瑩、馬國柱,5,5|6|7,3,False,False,651574001,法律系碩士班,False
1112126,民商法案例研習,朱德芳、許政賢,5,E|F,2,False,False,651733001,法律系碩士班,False
1112127,檢察實務研究（二）,蔡碧玉,5,3|4,2,False,False,651A46001,法律系碩士班,False
1112128,刑事訴訟實務研究,楊皓清,5,E|F,2,False,False,651B01001,法律系碩士班,False
1112129,基法論文寫作,王曉丹,4,7,1,False,False,651B29001,法律系碩士班,False
1112130,AI與治理,陳柏良,5,2|3|4,3,False,False,651B30001,法律系碩士班,False
1112131,商務契約撰擬,朱德芳、程春益,2,7|8,2,False,False,651B31001,法律系碩士班,False
1112132,財產法專題研究（五）,王千維,2,3|4,2,False,False,651025001,法律系碩士班,False
1112133,英文法學名著選讀（二）,方嘉麟,1,D|5|6,3,False,True,651049001,法律系碩士班,False
1112134,社會法專題研究（二）,張桐銳,2,3|4,2,False,False,651247001,法律系碩士班,False
1112135,英文公法學名著選讀（二）,劉定基,3,D|5|6,3,False,True,651423001,法律系碩士班,False
1112136,刑事證據法專題研究（七）,楊雲驊,4,5|6,2,False,False,651438001,法律系碩士班,False
1112137,德文法學名著選讀（八）,楊雲驊,1,5|6|7,3,False,True,651453001,法律系碩士班,False
1112138,歐盟法專題研究（一）,許耀明,1,5|6|7,3,False,False,651530001,法律系碩士班,False
1112139,國際人道法與難民法,蔡沛倫,1,7|8,2,False,False,651641001,法律系碩士班,False
1112140,財法中心公益服務實習—金融消費評議中心見習,周振鋒,3,E|F,2,False,False,651698001,法律系碩士班,False
1112141,民法中心公益服務實習（一）,周伯峰,3,C,1,False,False,651715001,法律系碩士班,False
1112142,文化與法律專題研究（二）,王曉丹,4,D|5|6,3,False,False,651A96001,法律系碩士班,False
1112143,原住民族行政及法規,吳秦雯,3,5|6|7,3,False,False,651A98001,法律系碩士班,False
1112144,刑法與社會專題研究（一）,李聖傑、黃士軒,4,2|3|4,3,False,False,651B26001,法律系碩士班,False
1112145,醫療法專題（二）,劉明生,1,5|6,2,False,False,651B28001,法律系碩士班,False
1112201,行政救濟法,陳靜慧、傅玲靜、詹鎮榮,2,7|8|E,3,False,False,652139001,法科所,False
1112202,刑事政策,謝如媛,4,2|3|4,3,False,False,652141001,法科所,False
1112203,社會法,張桐銳,3,2|3|4,3,False,False,652146001,法科所,False
1112204,證券交易法,朱德芳、陳盈如,1,5|6|7,3,False,False,652150001,法科所,False
1112205,民事訴訟法（二）,劉明生,2,2|3|4,3,False,False,652162001,法科所,False
1112206,民事訴訟法（二）,許政賢,2,2|3|4,3,False,False,652162011,法科所,False
1112207,保險法,葉啓洲,5,2|3|4,3,False,False,652165001,法科所,False
1112208,保險法,陳俊元,5,2|3|4,3,False,False,652165011,法科所,False
1112209,土地、環境與法律（二）,傅玲靜,1,5|6,2,False,False,652181001,法科所,False
1112210,臨終死亡的倫理與法律議題（一）,劉宏恩,4,2|3|4,3,False,False,652192001,法科所,False
1112211,刑事法綜合研習,林俊益,1,5|6|7|8,2,False,False,652159001,法科所,False
1112212,法律服務,呂彥彬,2,C,1,False,False,652160001,法科所,False
1112213,國際公法,陳貞如,5,D|5|6,3,False,False,652163001,法科所,False
1112214,公平交易法,王立達,5,6|7,2,False,False,652164001,法科所,False
1112215,海商法,沈宗倫,2,5|6,2,False,False,652166001,法科所,False
1112216,海商法,張新平,5,D|5,2,False,False,652166011,法科所,False
1112217,刑事訴訟法（二）,楊雲驊,4,3|4,2,False,False,652170001,法科所,False
1112218,智慧財產與企業併購專題研究,馮震宇,3,D|5,2,False,False,652858001,法科所,False
1112219,行政法,詹鎮榮,2,2|3|4,3,False,False,652101001,法科所,False
1112220,民事訴訟法（二）,姜世明,2,2|3|4,3,False,False,652162021,法科所,False
1112221,進階刑法,謝如媛,3,2|3|4,3,False,False,652196001,法科所,False
1112222,體育運動與法律（一）,林佳和,2,7|8,2,False,False,652857001,法科所,False
1112223,經濟法專題研究（一）,王立達,4,7|8,2,False,False,652859001,法科所,False
1112224,經濟法,王立達,5,8,1,False,False,652874001,法科所,False
1112225,集體勞動法,林良榮,3,5|6,2,False,False,652883001,法科所,False
1112226,文化產業與智慧財產權,陳秉訓,3,3|4,2,False,False,652889001,法科所,False
1112227,強制執行法與破產法,劉明生,3,5|6,2,False,False,652907001,法科所,False
1121001,刑法總則,黃士軒,6,2|3|4,3,True,False,961011001,法碩專班,False
1121002,民法總則,吳瑾瑜、周伯峰,5,F|G|H,3,True,False,961012001,法碩專班,False
1121003,公司法,周振鋒,5,F|G|H,3,True,False,961042001,法碩專班,False
1121004,家事事件法專題研究（一）,姜世明、劉明生,6,7|8|E,3,False,False,961071001,法碩專班,False
1121005,兩岸經貿法制與實務專題研究,王文杰、劉德勳,2,F|G|H,2,False,False,961074005,法碩專班,True
1121006,刑法實例研習,陳志輝,4,F|G|H,2,False,False,961177005,法碩專班,True
1121007,法律與正義,江玉林,6,2|3|4,2,False,False,961198005,法碩專班,True
1121008,民事程序法專題研究,姜世明,6,7|8|E,1,False,False,961199005,法碩專班,True
1121009,公衛政策與法律管制,江玉林,6,2|3|4,3,False,False,961200001,法碩專班,False
1121010,民事訴訟法,姜世明、劉明生,6,D|5|6,3,True,False,961006001,法碩專班,False
1121011,民法債編各論,王千維、呂彥彬,6,2|3|4,3,True,False,961015001,法碩專班,False
1121012,保險法專題研究,葉啓洲,2,F|G|H,3,False,False,961040001,法碩專班,False
1121013,民事訴訟法實例研習（一）,劉明生,3,F|G|H,1,False,False,961196005,法碩專班,True
1121014,全球法在地化專題研究,許耀明,3,F|G|H,2,False,False,961197005,法碩專班,True
1121015,身分法實例研習,戴瑀如,2,F|G|H,3,False,False,961203001,法碩專班,False
1121016,行政法專題研究,詹鎮榮,1,F|G|H,3,False,False,961007001,法碩專班,False
1121017,憲法,吳秦雯,6,D|5|6,3,True,False,961013001,法碩專班,False
1121018,國際法專題研究,陳貞如,4,F|G|H,3,False,False,961056001,法碩專班,False
1121019,醫事刑法專題研究,李聖傑、林萍章、陳子平,1,F|G|H,3,False,False,961072001,法碩專班,False
1121020,產業與競爭法專題研究,王立達,1,F|G|H,2,False,False,961092005,法碩專班,True
1121021,資訊法專題研究,陳起行、劉定基,1,F|G|H,2,False,False,961169005,法碩專班,True
1121022,電子商務與網路法,王立達,1,F|G|H,3,False,False,961175001,法碩專班,False
1121023,公法專題研究,傅玲靜,4,F|G,2,False,False,961201001,法碩專班,False
1121024,智慧財產權法專題研究（三）,沈宗倫、陳龍昇、熊誦梅,4,F|G|H,3,False,False,961202001,法碩專班,False
1121025,人工智慧與法律,王立達、江玉林、呂彥彬、李聖傑、周振鋒、林佳和、陳貞如、陳龍昇、詹鎮榮、劉宏恩、劉定基、劉昭麟,3,F|G|H,3,False,False,961204001,法碩專班,False
1121101,日文法學名著選讀（一）,黃琴唐,2,5|6|7,3,False,True,651019001,法律系碩士班,False
1121102,公司法專題研究（五）,劉連煜,1,7|8,2,False,False,651070001,法律系碩士班,False
1121103,行政法專題研究（八）,傅玲靜,4,5|6,2,False,False,651087001,法律系碩士班,False
1121104,德文法學名著選讀（五）,林佳和,3,2|3|4,3,False,True,651324001,法律系碩士班,False
1121105,勞動基準法專題研究（一）,林佳和,2,3|4,2,False,False,651393001,法律系碩士班,False
1121106,法社會學專題研究（三）,王曉丹,2,D|5|6,3,False,False,651402001,法律系碩士班,False
1121107,民法中心公益服務實習（二）,周伯峰,2,C,1,False,False,651670001,法律系碩士班,False
1121108,公司法案例研習（一）,陳盈如,5,C,1,False,False,651717001,法律系碩士班,False
1121109,律師實務（一）,范瑞華,3,7|8,2,False,False,651A55001,法律系碩士班,False
1121110,電子商務與網路法,王立達,4,3|4,2,False,False,651A93001,法律系碩士班,False
1121111,原住民族行政及法規,吳秦雯,2,C|D|5,3,False,False,651A98001,法律系碩士班,False
1121112,犯罪被害人專題研究（一）,謝如媛,4,2|3|4,3,False,False,651B38001,法律系碩士班,False
1121113,國際公法專題研究（二）,陳貞如,5,D|5,2,False,False,651249001,法律系碩士班,False
1121114,消費者保護法專題研究（二）,周伯峰,3,3|4,2,False,False,651284001,法律系碩士班,False
1121115,比較憲法專題研究（三）,廖元豪,4,3|4,2,False,False,651322001,法律系碩士班,False
1121116,刑事證據法專題研究（三）,段重民,1,6|7,2,False,False,651356001,法律系碩士班,False
1121117,財產法專題研究（一）,王千維,2,3|4,2,False,False,651395001,法律系碩士班,False
1121118,智慧財產權法專題研究（四）,沈宗倫,2,5|6,2,False,False,651419001,法律系碩士班,False
1121119,公法實務專題研究（二）,董保城,4,F|G,2,False,False,651474001,法律系碩士班,False
1121120,國際智慧財產權法專題研究（二）,沈宗倫,4,3|4,2,False,False,651547001,法律系碩士班,False
1121121,檢察實務研究（一）,蔡碧玉,5,3|4,2,False,False,651A18001,法律系碩士班,False
1121122,社會法專題研究（五）,孫迺翊,3,3|4,2,False,False,651A37001,法律系碩士班,False
1121123,再生能源相關法律問題研究,王立達、朱德芳、吳秦雯、傅玲靜、詹聰哲,1,5|6,2,False,False,651B35001,法律系碩士班,False
1121124,企業重整與破產法制專題,鄭有為,4,5|6,2,False,False,651B37001,法律系碩士班,False
1121125,保險法專題研究（四）,林勳發,3,7|8,2,False,False,651078001,法律系碩士班,False
1121126,刑法專題研究（二）,李聖傑,4,D|5|6,3,False,False,651185001,法律系碩士班,False
1121127,刑事訴訟法專題研究（二）,何賴傑,2,3|4,2,False,False,651239001,法律系碩士班,False
1121128,西洋法律思想史專題研究（二）,江玉林,4,3|4|C,3,False,False,651304001,法律系碩士班,False
1121129,智慧財產權法專題研究（一）,陳龍昇,3,5|6,2,False,False,651310001,法律系碩士班,False
1121130,民事訴訟法專題研究（三）,姜世明、劉明生,1,5|6,2,False,False,651338001,法律系碩士班,False
1121131,法文法學名著選讀（二）,吳秦雯,4,3|4|C,3,False,True,651422001,法律系碩士班,False
1121132,刑罰思想史專題研究（三）,黃源盛,3,3|4,2,False,False,651468001,法律系碩士班,False
1121133,營業秘密：法律與管理,馮震宇,3,D|5,2,False,False,651603001,法律系碩士班,False
1121134,公司法案例研習（三）,朱德芳,5,C,1,False,False,651650001,法律系碩士班,False
1121135,公司法案例研習（二）,周振鋒,5,C,1,False,False,651696001,法律系碩士班,False
1121136,國際人權法,翁燕菁,4,D|5|6,3,False,False,651731001,法律系碩士班,False
1121137,大陸經貿法律研究（二）,王文杰,3,3|4,2,False,False,651923001,法律系碩士班,False
1121138,國際租稅法,鍾騏,5,2|3|4,3,False,False,651A14001,法律系碩士班,False
1121139,財經法綜合研習,林國全、程春益,2,7|8,2,False,False,651A28001,法律系碩士班,False
1121140,智慧財產、數位平台與競爭法,王立達,4,5|6|7,3,False,False,651A88001,法律系碩士班,False
1121141,法學整合研究與論文研討,王立達,5,7,1,False,False,651B13001,法律系碩士班,False
1121142,專題三：AI與倫理,陳柏良,3,2|3|4,3,False,False,651B21001,法律系碩士班,False
1121143,行政法論文寫作（十）,劉宗德,3,F|G,2,False,False,651B34001,法律系碩士班,False
1121144,全球化下的國際法發展,陳貞如,5,2|3|4,3,False,False,651B36001,法律系碩士班,False
1121201,憲法,林佳和,2,D|5|6,3,True,False,652098001,法科所,False
1121202,勞動法,林佳和,3,D|5|6,3,False,False,652151011,法科所,False
1121203,票據法,顏玉明,3,5|6,2,False,False,652167001,法科所,False
1121204,民事法綜合研習,呂彥彬,1,7|8,2,False,False,652178001,法科所,False
1121205,智慧財產、數位平台與競爭法,王立達,4,5|6|7,3,False,False,652194001,法科所,False
1121206,專利法,陳龍昇,3,3|4,2,False,False,652197001,法科所,False
1121207,國際海洋法,陳貞如,4,3|4,2,False,False,652200001,法科所,False
1121208,企業併購實例研習（二）,方嘉麟、朱德芳、林進富、樓永堅,5,5|6|7,3,False,False,652075001,法科所,False
1121209,法律倫理,姜世明,4,5|6,2,False,False,652155011,法科所,False
1121210,法律服務,呂彥彬,2,C,1,False,False,652160001,法科所,False
1121211,國際公法,張愷致,4,D|5|6,3,False,False,652163001,法科所,False
1121212,智慧財產權法總論,沈宗倫,5,5|6,2,False,False,652168001,法科所,False
1121213,公法綜合研習,廖元豪,3,5|6,2,False,False,652173001,法科所,False
1121214,非訟程序,劉明生,3,5|6,2,False,False,652175001,法科所,False
1121215,基礎刑法,李聖傑,3,2|3|4,3,True,False,652193001,法科所,False
1121216,電子商務與網路法,王立達,4,3|4,2,False,False,652195001,法科所,False
1121217,會計實務與法律專題研究（一）,朱德芳、馬秀如、詹聰哲,3,E|F|G,2,False,False,652199001,法科所,False
1121218,環境法－環境責任論,傅玲靜,2,7|8,2,False,False,652855001,法科所,False
1121219,法律文件寫作與資料蒐集,顏玉明,3,7|8,2,False,False,652856001,法科所,False
1121220,地方自治法,詹鎮榮,3,3|4,2,False,False,652903001,法科所,False
1121221,家事事件法,姜世明,4,3|4,2,False,False,652905001,法科所,False
1121222,法學導論,許政賢、戴瑀如,4,5|6,2,True,False,652120001,法科所,False
1121223,國際私法,王海南,3,D|5|6,3,False,False,652137001,法科所,False
1121224,金融與法律（二）,詹庭禎,1,E|F,2,False,False,652144001,法科所,False
1121225,工程與法律（二）,顏玉明,5,5|6,2,False,False,652145001,法科所,False
1121226,票據法,周振鋒,4,3|4,2,False,False,652167011,法科所,False
1121227,資訊科技與法律（一）,謝國廉,1,D|5|6|7,2,False,False,652171001,法科所,False
1121228,商事法總論與公司法,陳盈如,5,2|3|4,3,False,False,652174001,法科所,False
1121229,商事法總論與公司法,周振鋒,5,2|3|4,3,False,False,652174011,法科所,False
1121230,商事法總論與公司法,朱德芳,5,2|3|4,3,False,False,652174021,法科所,False
1121231,行政程序法與正當程序,傅玲靜,1,7|8,2,False,False,652866001,法科所,False
1122001,行政法,林佳和、張桐銳、傅玲靜,6,2|3|4,3,True,False,961020001,法碩專班,False
1122002,民法債編總論,王千維、呂彥彬,6,D|5|6,3,True,False,961021001,法碩專班,False
1122003,白領犯罪專題研究,李聖傑、黃士軒,2,F|G|H,3,False,False,961043001,法碩專班,False
1122004,中國大陸投資法律制度與實務（二）,王文杰,4,F|G|H,3,False,False,961064001,法碩專班,False
1122005,爭議案件與法律解釋方法,江玉林,6,2|3|4,3,False,False,961079001,法碩專班,False
1122006,消費者保護法專題研究,呂彥彬、楊淑文,5,F|G,2,False,False,961127001,法碩專班,False
1122007,公司治理專題研究（二）,周振鋒,4,F|G|H,3,False,False,961173001,法碩專班,False
1122008,民事程序法專題研究（一）,姜世明,6,7,1,False,False,961206001,法碩專班,False
1122009,企業併購法專題研究,朱德芳、陳泰明、劉連煜,2,F|G|H,3,False,False,961028001,法碩專班,False
1122010,論文寫作專題研究,朱德芳、李聖傑、廖元豪、戴瑀如,6,2|3|4,3,True,False,961156001,法碩專班,False
1122011,國際商事法專題研究,許耀明,3,F|G|H,3,False,False,961002001,法碩專班,False
1122012,物權法,吳瑾瑜、張韻琪,5,F|G|H,3,True,False,961022001,法碩專班,False
1122013,刑法分則,陳志輝,5,F|G|H,3,True,False,961023001,法碩專班,False
1122014,刑事訴訟法,楊雲驊,6,D|5|6,3,True,False,961024001,法碩專班,False
1122015,租稅法專題研究,盛子龍、傅玲靜,5,F|G,2,False,False,961045001,法碩專班,False
1122016,證券交易法,朱德芳,1,F|G|H,3,False,False,961055001,法碩專班,False
1122017,侵權責任與責任保險專題研究,葉啓洲,1,F|G|H,3,False,False,961140001,法碩專班,False
1122018,強制執行法專題研究（四）,劉明生,3,F|G,2,False,False,961205001,法碩專班,False
1122019,法律倫理專題研究,姜世明,6,8,1,False,False,961207001,法碩專班,False
1122101,刑法專題研究（六）,廖宜寧,5,5|6|7,3,False,False,651040001,法律系碩士班,False
1122102,英文法學名著選讀（一）,廖元豪,2,D|5|6,3,False,True,651043001,法律系碩士班,False
1122103,證券交易法專題研究（四）,劉連煜,1,7|8,2,False,False,651058001,法律系碩士班,False
1122104,經濟法專題研究（二）,王立達,4,7|8,2,False,False,651156001,法律系碩士班,False
1122105,侵權行為法專題研究（二）,張韻琪,3,7|8,2,False,False,651167001,法律系碩士班,False
1122106,社會法專題研究（一）,張桐銳,3,3|4,2,False,False,651220001,法律系碩士班,False
1122107,親子法專題研究（二）,戴瑀如,4,3|4,2,False,False,651241001,法律系碩士班,False
1122108,國際公法專題研究（三）,陳貞如,4,3|4,2,False,False,651277001,法律系碩士班,False
1122109,德文法學名著選讀 （三）,楊雲驊,1,6|7|8,3,False,True,651278001,法律系碩士班,False
1122110,西洋法律思想史專題研究（三）,江玉林,2,2|3|4,3,False,False,651312001,法律系碩士班,False
1122111,憲法專題研究（八）,劉定基,4,7|8,2,False,False,651379001,法律系碩士班,False
1122112,憲法專題研究（九）,蘇永欽,4,5|6,2,False,False,651382001,法律系碩士班,False
1122113,民事實務專題研究（一）,蘇永欽,2,5|6,2,False,False,651467001,法律系碩士班,False
1122114,比較契約法專題研究（一）,張韻琪,5,5|6,2,False,False,651472001,法律系碩士班,False
1122115,超國界法律問題專題研究（五）,許耀明,5,3|4,2,False,False,651473001,法律系碩士班,False
1122116,消費者保護法專題研究（三）,向明恩,5,3|4,2,False,False,651539001,法律系碩士班,False
1122117,財法中心公益服務實習—金融消費評議中心見習（一）,周振鋒,5,E|F,2,False,False,651646001,法律系碩士班,False
1122118,法理學專題研究（一）,陳起行,1,D|5|6|7,1,False,False,651695001,法律系碩士班,False
1122119,民法中心公益服務實習（三）,周伯峰,4,C,1,False,False,651820001,法律系碩士班,False
1122120,法學整合研究與論文研討（二）,王立達,4,F,1,False,False,651B23001,法律系碩士班,False
1122121,商務契約撰擬,朱德芳、程春益,2,7|8,2,False,False,651B31001,法律系碩士班,False
1122122,刑法與社會專題研究（二）,李聖傑、黃士軒,4,D|5|6,3,False,False,651B39001,法律系碩士班,False
1122123,國際智慧財產權法專題研究（三）,陳龍昇、謝祥揚,4,E|F,2,False,False,651B41001,法律系碩士班,False
1122124,近代民法史專題研究（一）,黃琴唐,3,5|6|7,3,False,False,651B42001,法律系碩士班,False
1122125,行政法論文寫作（十一）,劉宗德,3,F|G,2,False,False,651B49001,法律系碩士班,False
1122126,美國法律檢索、分析與寫作（一）,朱德芳,0,,2,False,False,651B51001,法律系碩士班,False
1122127,智慧財產權法專題研究（二）,陳龍昇,3,7|8,2,False,False,651011001,法律系碩士班,False
1122128,刑事證據法專題研究（四）,何賴傑,2,3|4,2,False,False,651363001,法律系碩士班,False
1122129,民事訴訟法專題研究（五）,姜世明,1,5|6,2,False,False,651369001,法律系碩士班,False
1122130,集體勞動法專題研究（三）,林良榮,2,7|8,2,False,False,651527001,法律系碩士班,False
1122131,歐盟經貿法,洪德欽,4,E|F|G,3,False,False,651706001,法律系碩士班,False
1122132,公法中心公益服務實習（二）,傅玲靜,1,D,1,False,False,651760001,法律系碩士班,False
1122133,國際公司治理專題研究（一）,周振鋒,5,2|3|4,3,False,False,651A01001,法律系碩士班,False
1122134,文化與法律專題研究（一）,陳惠馨,2,D|5|6,3,False,False,651A16001,法律系碩士班,False
1122135,鑑識會計,朱家德、朱德芳、馬秀如,4,E|F|G,3,False,False,651A29001,法律系碩士班,False
1122136,信託法理論與實務（一）,方嘉麟、胡玉瑩、馬國柱,5,5|6|7,3,False,False,651A45001,法律系碩士班,False
1122137,刑事訴訟實務研究,陳德民,1,6|7,2,False,False,651B01001,法律系碩士班,False
1122138,專題三：AI與治理,陳柏良,5,2|3|4,3,False,False,651B06001,法律系碩士班,False
1122139,比較商事法專題,陳盈如,4,3|4,2,False,False,651B43001,法律系碩士班,False
1122140,個人資料保護法,劉定基,3,5|6,2,False,False,651B45001,法律系碩士班,False
1122141,法學方法與民事審判實務,魏大喨,4,5|6,2,False,False,651B47001,法律系碩士班,False
1122142,土地、環境與法律,李明芝、傅玲靜,1,7|8,2,False,False,651B48001,法律系碩士班,False
1122143,行政法專題研究（三）,詹鎮榮,3,3|4,2,False,False,651067021,法律系碩士班,False
1122144,財產法專題研究（七）,呂彥彬,1,7|8,2,False,False,651079001,法律系碩士班,False
1122145,財產法專題研究（八）,向明恩,3,5|6,2,False,False,651083001,法律系碩士班,False
1122146,日文法學名著選讀（二）,謝如媛,4,2|3|4,3,False,True,651171001,法律系碩士班,False
1122147,刑事訴訟法專題研究（四）,黃謀信、楊雲驊,2,5|6,2,False,False,651290001,法律系碩士班,False
1122148,公法實務專題研究（三）,陳靜慧,3,5|6,2,False,False,651536001,法律系碩士班,False
1122149,國際人道法與難民法,蔡沛倫,4,5|6,2,False,False,651641001,法律系碩士班,False
1122150,中國大陸公司法研究（一）,王文杰,3,3|4,2,False,False,651853001,法律系碩士班,False
1122151,檢察實務研究（二）,蔡碧玉,5,3|4,2,False,False,651A46001,法律系碩士班,False
1122152,智慧財產權法專題研究（五）,陳龍昇,4,5|6,2,False,False,651B40001,法律系碩士班,False
1122153,醫療法與人工智慧法專題（一）,劉明生,3,3|4,2,False,False,651B46001,法律系碩士班,False
1122154,民事審判實務研究（二）,邱景芬,5,D|5|6|7,2,False,False,651B50001,法律系碩士班,False
1122201,政府採購法,顏玉明,3,5|6,2,False,False,652110001,法科所,False
1122202,行政救濟法,林佳和、傅玲靜、詹鎮榮,3,7|8|E,3,False,False,652139001,法科所,False
1122203,社會法,張桐銳,4,2|3|4,3,False,False,652146001,法科所,False
1122204,國際貿易與法律（三）,洪德欽、許耀明、陳貞如,4,5|6|7,3,False,False,652154001,法科所,False
1122205,法律服務,呂彥彬,2,C,1,False,False,652160001,法科所,False
1122206,保險法,葉啓洲,5,2|3|4,3,False,False,652165001,法科所,False
1122207,刑事訴訟法（二）,楊雲驊,2,7|8,2,False,False,652170001,法科所,False
1122208,進階刑法,李聖傑,3,2|3|4,3,False,False,652196001,法科所,False
1122209,初階法學英文,劉宏恩,1,C,1,False,True,652853001,法科所,False
1122210,經濟法專題研究（二）,王立達,4,7|8,2,False,False,652854001,法科所,False
1122211,智慧財產與企業併購專題研究,馮震宇,3,5|6,2,False,False,652858001,法科所,False
1122212,經濟法,王立達,5,8,1,False,False,652874001,法科所,False
1122213,勞動法案例研究,林良榮,3,7|8,2,False,False,652877001,法科所,False
1122214,行政法,傅玲靜,4,2|3|4,3,False,False,652101001,法科所,False
1122215,證券交易法,林國全,3,2|3|4,3,False,False,652150011,法科所,False
1122216,刑事法綜合研習,林俊益,1,5|6|7|8,2,False,False,652159001,法科所,False
1122217,民事訴訟法（二）,劉明生,2,2|3|4,3,False,False,652162001,法科所,False
1122218,保險法,陳俊元,5,2|3|4,3,False,False,652165011,法科所,False
1122219,集體勞動法,林良榮,3,5|6,2,False,False,652883001,法科所,False
1122220,商標法,陳龍昇,3,5|6,2,False,False,652897001,法科所,False
1122221,強制執行法與破產法,劉明生,3,5|6,2,False,False,652907001,法科所,False
1122222,英文契約導讀及撰寫（一）,顏玉明,0,,2,False,True,652933001,法科所,False
1122223,證券交易法,陳盈如,3,2|3|4,3,False,False,652150001,法科所,False
1122224,法律倫理,劉宏恩,2,7|8,2,False,False,652155001,法科所,False
1122225,民事訴訟法（二）,許政賢,2,2|3|4,3,False,False,652162011,法科所,False
1122226,民事訴訟法（二）,姜世明,2,2|3|4,3,False,False,652162021,法科所,False
1122227,公平交易法,王立達,5,6|7,2,False,False,652164001,法科所,False
1122228,海商法,張新平,4,D|5,2,False,False,652166001,法科所,False
1122229,海商法,張新平,5,D|5,2,False,False,652166011,法科所,False
1122230,土地、環境與法律,李明芝、傅玲靜,1,7|8,2,False,False,652201001,法科所,False
1122231,企業併購法,周振鋒、黃朝琮,5,5|6,2,False,False,652203001,法科所,False
1122232,歐盟經貿法,洪德欽,4,E|F|G,3,False,False,652892001,法科所,False
1122233,營建工程法律專題研究（二）,顏玉明,5,5|6,2,False,False,652922001,法科所,False
1131001,民事訴訟法,姜世明、劉明生,5,F|G|H,3,True,False,961006001,法碩專班,False
1131002,公司治理專題研究（三）,周振鋒、陳盈如,6,D|5|6,3,False,False,961214001,法碩專班,False
1131003,刑法總則,李聖傑,6,D|5|6,3,True,False,961011001,法碩專班,False
1131004,公司法,周振鋒、陳盈如,6,2|3|4,3,True,False,961042001,法碩專班,False
1131005,民事訴訟法實例研習（二）,劉明生,3,F|G|H,1,False,False,961211005,法碩專班,True
1131006,勞動法實務案例分析,林良榮,3,F|G|H,3,False,False,961213001,法碩專班,False
1131007,民法總則,吳瑾瑜、周伯峰,6,2|3|4,3,True,False,961012001,法碩專班,False
1131008,家事事件法,姜世明、劉明生,6,7|8|E,3,False,False,961049001,法碩專班,False
1131009,保險判決案例分析,葉啓洲,2,F|G|H,3,False,False,961076001,法碩專班,False
1131010,環境法專題研究,李聖傑、許耀明、傅玲靜,2,F|G|H,3,False,False,961088001,法碩專班,False
1131011,資訊法專題研究,陳起行、劉定基,1,F|G|H,2,False,False,961169005,法碩專班,True
1131012,不動產與法律,吳瑾瑜、陳立夫、戴秀雄,2,F|G|H,2,False,False,961208005,法碩專班,True
1131013,民事程序法專題研究（調解法）,姜世明,6,D|5|6,1,False,False,961209005,法碩專班,True
1131014,刑法實例研習（二）,陳志輝,4,F|G|H,2,False,False,961212005,法碩專班,True
1131015,憲法,林佳和、陳靜慧、廖元豪,5,F|G|H,3,True,False,961013001,法碩專班,False
1131016,民法債編各論,王千維、呂彥彬,6,D|5|6,3,True,False,961015001,法碩專班,False
1131017,國際法專題研究,許耀明、陳貞如,3,F|G|H,3,False,False,961056001,法碩專班,False
1131018,產業與競爭法專題研究,王立達,1,F|G|H,2,False,False,961092005,法碩專班,True
1131019,兩岸經貿法制與實務專題研究（三）,王文杰、朱潤逢、劉德勳,2,F|G|H,2,False,False,961106005,法碩專班,True
1131020,公私協力法,詹鎮榮,1,F|G|H,3,False,False,961121001,法碩專班,False
1131021,電子商務與網路法,王立達,1,F|G|H,3,False,False,961175001,法碩專班,False
1131022,智慧財產權法專題研究（一）,沈宗倫、陳龍昇、熊誦梅,4,F|G|H,3,False,False,961176001,法碩專班,False
1131023,永續、社會與治理-ESG 的法制挑戰,朱德芳、吳秦雯、傅玲靜,4,F|G|H,3,False,False,961190001,法碩專班,False
1131024,法律與正義,江玉林,6,2|3|4,2,False,False,961198005,法碩專班,True
1131025,公衛政策與法律管制,江玉林,6,2|3|4,3,False,False,961200001,法碩專班,False
1131026,身分法實例研習,戴瑀如,3,F|G,2,False,False,961203001,法碩專班,False
1131027,氣候法專題研究,許耀明,3,F|G|H,2,False,False,961210005,法碩專班,True
1131101,公司法專題研究（四）,劉連煜,1,7|8,2,False,False,651021001,法律系碩士班,False
1131102,法學方法專題研究（二）,江玉林,2,2|3|4,3,False,False,651159001,法律系碩士班,False
1131103,德文法學名著選讀（七）,林佳和,3,2|3|4,3,False,True,651173001,法律系碩士班,False
1131104,刑法專題研究（三）,李聖傑,3,5|6|7,3,False,False,651184001,法律系碩士班,False
1131105,身分法專題研究（一）,林秀雄,4,5|6,2,False,False,651210001,法律系碩士班,False
1131106,法制史專題研究（三）,黃琴唐,2,5|6|7,3,False,False,651279001,法律系碩士班,False
1131107,財產法專題研究（二）,呂彥彬,2,5|6,2,False,False,651293001,法律系碩士班,False
1131108,契約法專題研究（三）,周伯峰,4,3|4,2,False,False,651301001,法律系碩士班,False
1131109,智慧財產權法專題研究（一）,陳龍昇,3,5|6,2,False,False,651310001,法律系碩士班,False
1131110,法文法學名著選讀（二）,許耀明,4,C|D,3,False,True,651422001,法律系碩士班,False
1131111,刑罰思想史專題研究（一）,黃源盛,3,3|4,2,False,False,651430001,法律系碩士班,False
1131112,營業秘密：法律與管理,馮震宇,3,5|6,2,False,False,651603001,法律系碩士班,False
1131113,公司法案例研習（二）,周振鋒,5,C,1,False,False,651696001,法律系碩士班,False
1131114,國際租稅法,鍾騏,5,2|3|4,3,False,False,651A14001,法律系碩士班,False
1131115,民事訴訟法專題研究（六）,姜世明、劉明生,1,5|6,2,False,False,651A63001,法律系碩士班,False
1131116,法學整合研究與論文研討,王立達,5,7,1,False,False,651B13001,法律系碩士班,False
1131117,專題三：AI與倫理,陳柏良,3,2|3|4,3,False,False,651B21001,法律系碩士班,False
1131118,保險案例專題研究,葉啓洲,5,2|3|4,3,False,False,651B54001,法律系碩士班,False
1131119,性別思維與法律批判,王曉丹,3,D|5|6,3,False,False,651B55001,法律系碩士班,False
1131120,公法實務專題研究（六）,董保城,4,7|8,2,False,False,651B56001,法律系碩士班,False
1131121,金融科技法制與監理,王立達,0,,2,False,False,651B57001,法律系碩士班,False
1131122,公司治理與ESG,陳盈如,4,3|4,2,False,False,651B59001,法律系碩士班,False
1131123,英國契約法,陳明渝,0,,1,False,True,651B61001,法律系碩士班,False
1131124,美國刑事法,楊雲驊、簡士淳,4,2|3,2,False,False,651B62001,法律系碩士班,False
1131125,國際商務糾紛解決（一）,顏玉明,5,7|8,2,False,False,651B64001,法律系碩士班,False
1131126,智慧財產權法專題研究（三）,沈宗倫,2,5|6,2,False,False,651062001,法律系碩士班,False
1131127,刑事訴訟法專題研究（六）,何賴傑,2,3|4,2,False,False,651341001,法律系碩士班,False
1131128,刑事證據法專題研究（五）,楊雲驊,4,5|6,2,False,False,651374001,法律系碩士班,False
1131129,比較憲法專題研究（七）,廖元豪,2,5|6,2,False,False,651377001,法律系碩士班,False
1131130,保險法專題研究（二）,林勳發,2,3|4,2,False,False,651392001,法律系碩士班,False
1131131,英文公法學名著選讀（三）,劉定基,4,D|5|6,3,False,True,651431001,法律系碩士班,False
1131132,國際智慧財產權法專題研究（一）,沈宗倫,4,3|4,2,False,False,651475001,法律系碩士班,False
1131133,大陸經貿法律研究（一）,王文杰,3,3|4,2,False,False,651485001,法律系碩士班,False
1131134,民事法學方法論專題（一）,許政賢,2,3|4,2,False,False,651689001,法律系碩士班,False
1131135,公司法案例研習（一）,陳盈如,5,C,1,False,False,651717001,法律系碩士班,False
1131136,財經法綜合研習,林國全、程春益,2,7|8,2,False,False,651A28001,法律系碩士班,False
1131137,民法中心公益服務實習（四）,周伯峰,4,C,1,False,False,651A47001,法律系碩士班,False
1131138,律師實務（二）,范瑞華,3,7|8,2,False,False,651A92001,法律系碩士班,False
1131139,刑法與社會專題研究（三）,廖宜寧,4,D|5|6,3,False,False,651B52001,法律系碩士班,False
1131140,勞動事件專題,蔡志宏,2,F|G,2,False,False,651B63001,法律系碩士班,False
1131141,行政法專題研究（五）,傅玲靜,2,3|4,2,False,False,651012001,法律系碩士班,False
1131142,法理學專題研究（四）,陳起行,1,D|5|6|7,1,False,False,651066001,法律系碩士班,False
1131143,金融法專題研究（四）,林國彬,3,3|4,2,False,False,651347001,法律系碩士班,False
1131144,公法實務專題研究（四）,陳靜慧,3,5|6,2,False,False,651352001,法律系碩士班,False
1131145,刑事政策專題研究（一）,謝如媛,4,2|3|4,3,False,False,651368001,法律系碩士班,False
1131146,社會法專題研究（三）,孫迺翊,3,3|4,2,False,False,651405001,法律系碩士班,False
1131147,英文法學名著選讀（八）,朱德芳,1,D|5|6,3,False,True,651445001,法律系碩士班,False
1131148,海洋法專題研究（三）,陳貞如,4,D|5,2,False,False,651A09001,法律系碩士班,False
1131149,檢察實務研究（一）,黃謀信,5,5|6,2,False,False,651A18001,法律系碩士班,False
1131150,國際商務糾紛解決,顏玉明,5,7|8,2,False,False,651B17001,法律系碩士班,False
1131151,智慧財產、數位平台與競爭法,王立達,4,5|6|7,3,False,False,651B53001,法律系碩士班,False
1131152,行政法論文寫作（十二）,劉宗德,3,F|G,2,False,False,651B58001,法律系碩士班,False
1131153,日文法學名著選讀（三）,黃士軒,5,2|3|4,3,False,True,651017001,法律系碩士班,False
1131154,比較刑法專題研究（一）,黃士軒,3,2|3|4,3,False,False,651074001,法律系碩士班,False
1131155,法社會學專題研究（一）,王曉丹,5,D|5|6,3,False,False,651120001,法律系碩士班,False
1131156,勞動契約法專題研究（一）,蔡志宏,2,F|G,2,False,False,651345001,法律系碩士班,False
1131157,公司法案例研習（三）,朱德芳,5,C,1,False,False,651650001,法律系碩士班,False
1131158,人工智慧與法律,林佳和、劉宏恩、劉定基,1,7|8|E,3,False,False,651B60001,法律系碩士班,False
1131201,憲法,陳靜慧,2,D|5|6,3,True,False,652098001,法科所,False
1131202,法律服務,呂彥彬,2,C,1,False,False,652160001,法科所,False
1131203,企業併購實例研習（三）,方嘉麟、朱德芳、林進富、樓永堅,5,5|6|7,3,False,False,652177001,法科所,False
1131204,基礎刑法,李聖傑,3,2|3|4,3,True,False,652193001,法科所,False
1131205,專利法,陳龍昇,3,3|4,2,False,False,652197001,法科所,False
1131206,會計實務與法律專題研究（一）,朱德芳、馬秀如、詹聰哲,3,E|F|G,2,False,False,652199001,法科所,False
1131207,國際海洋法,陳貞如,5,D|5,2,False,False,652200001,法科所,False
1131208,國際商務糾紛解決（一）,顏玉明,5,7|8,2,False,False,652850001,法科所,False
1131209,家事事件法,姜世明,4,3|4,2,False,False,652905001,法科所,False
1131210,法學導論,許政賢、戴瑀如,4,3|4,2,True,False,652120001,法科所,False
1131211,社會法,張桐銳,3,2|3|4,3,False,False,652146001,法科所,False
1131212,工程與法律（三）,顏玉明,5,5|6,2,False,False,652156001,法科所,False
1131213,票據法,周振鋒,4,3|4,2,False,False,652167011,法科所,False
1131214,智慧財產權法總論,沈宗倫,5,5|6,2,False,False,652168001,法科所,False
1131215,公法綜合研習,詹鎮榮,3,5|6,2,False,False,652173001,法科所,False
1131216,商事法總論與公司法,朱德芳,5,2|3|4,3,False,False,652174021,法科所,False
1131217,臨終死亡的倫理與法律議題（一）,劉宏恩,4,2|3|4,3,False,False,652192001,法科所,False
1131218,智慧財產、數位平台與競爭法,王立達,4,5|6|7,3,False,False,652194001,法科所,False
1131219,金融科技法制與監理,王立達,0,,2,False,False,652202001,法科所,False
1131220,英國契約法,陳明渝,0,,1,False,True,652851001,法科所,False
1131221,初階法學英文,劉宏恩,1,C,1,False,True,652853001,法科所,False
1131222,國際商務糾紛解決,顏玉明,5,7|8,2,False,False,652861001,法科所,False
1131223,行政程序法與正當程序,傅玲靜,1,7|8,2,False,False,652866001,法科所,False
1131224,法律倫理,劉宏恩,4,5|6,2,False,False,652155001,法科所,False
1131225,國際私法,王海南,3,D|5|6,3,False,False,652137001,法科所,False
1131226,金融與法律（二）,詹庭禎,1,E|F,2,False,False,652144001,法科所,False
1131227,勞動法,林佳和,3,D|5|6,3,False,False,652151001,法科所,False
1131228,票據法,顏玉明,3,5|6,2,False,False,652167001,法科所,False
1131229,商事法總論與公司法,陳盈如,5,2|3|4,3,False,False,652174001,法科所,False
1131230,商事法總論與公司法,周振鋒,5,2|3|4,3,False,False,652174011,法科所,False
1131231,非訟程序,劉明生,3,5|6,2,False,False,652175001,法科所,False
1131232,民事法綜合研習,呂彥彬,1,7|8,2,False,False,652178001,法科所,False
1131233,資訊科技與法律（二）,謝國廉,1,D|5|6|7,2,False,False,652187001,法科所,False
1131234,移民行政法,陳靜慧,3,D,1,False,False,652852001,法科所,False
1132001,民事證據法專題研究,姜世明,6,7|8,2,False,False,961016001,法碩專班,False
1132002,民法債編總論,王千維、呂彥彬,5,F|G|H,3,True,False,961021001,法碩專班,False
1132003,刑事訴訟法,何賴傑,6,2|3|4,3,True,False,961024001,法碩專班,False
1132004,租稅法專題研究（一）,盛子龍、傅玲靜,4,F|G|H,3,False,False,961217001,法碩專班,False
1132005,證券交易法,朱德芳,1,F|G|H,3,False,False,961055001,法碩專班,False
1132006,強制執行法專題研究（一）,劉明生,3,F|G,2,False,False,961172001,法碩專班,False
1132007,國際生命法專題研究,許耀明,3,F|G|H,3,False,False,961215001,法碩專班,False
1132008,金融科技創新與監管政策專題研究,陳盈如、鄭婷嫻,5,F|G|H,3,False,False,961218001,法碩專班,False
1132009,行政法,吳秦雯、林佳和、張桐銳,6,D|5|6,3,True,False,961020001,法碩專班,False
1132010,物權法,呂彥彬、張韻琪,6,2|3|4,3,True,False,961022001,法碩專班,False
1132011,刑法分則,黃士軒,6,2|3|4,3,True,False,961023001,法碩專班,False
1132012,企業併購法專題研究,朱德芳、陳泰明、劉連煜,2,F|G|H,3,False,False,961028001,法碩專班,False
1132013,中國大陸投資法律制度與實務（二）,王文杰,4,F|G|H,3,False,False,961064001,法碩專班,False
1132014,爭議案件與法律解釋方法,江玉林,6,2|3|4,3,False,False,961079001,法碩專班,False
1132015,侵權責任與責任保險專題研究,葉啓洲,2,F|G|H,3,False,False,961140001,法碩專班,False
1132016,信託法,周振鋒,4,F|G|H,3,False,False,961147001,法碩專班,False
1132017,論文寫作專題研究,李聖傑、周振鋒、廖元豪、戴瑀如,6,D|5|6,3,True,False,961156001,法碩專班,False
1132018,刑法實例研習（三）,陳志輝,1,F|G|H,3,False,False,961216001,法碩專班,False
1132101,智慧財產權法專題研究（二）,陳龍昇,3,7|8,2,False,False,651011001,法律系碩士班,False
1132102,比較憲法專題研究（一）,吳秦雯,2,3|4,2,False,False,651071001,法律系碩士班,False
1132103,侵權行為法專題研究（二）,張韻琪,5,5|6,2,False,False,651167001,法律系碩士班,False
1132104,德文法學名著選讀（四）,楊雲驊,1,6|7|8,3,False,True,651196001,法律系碩士班,False
1132105,刑事訴訟法專題研究（三）,楊雲驊,2,5|6,2,False,False,651297001,法律系碩士班,False
1132106,行政法專題研究（九）,詹鎮榮,3,3|4,2,False,False,651339001,法律系碩士班,False
1132107,民事訴訟法專題研究（四）,姜世明,2,5|6,2,False,False,651364001,法律系碩士班,False
1132108,刑事證據法專題研究（六）,楊雲驊、簡士淳,5,7|8,2,False,False,651380001,法律系碩士班,False
1132109,不當得利法專題研究（二）,王千維,2,3|4,2,False,False,651401001,法律系碩士班,False
1132110,勞動契約法專題研究（四）,林佳和,2,7|8,2,False,False,651449001,法律系碩士班,False
1132111,財法中心公益服務實習—金融消費評議中心見習（二）,周振鋒,2,E|F,2,False,False,651639001,法律系碩士班,False
1132112,公法中心公益服務實習,傅玲靜,1,C,1,False,False,651761001,法律系碩士班,False
1132113,行政法論文寫作,劉宗德,3,F|G,2,False,False,651917001,法律系碩士班,False
1132114,鑑識會計,朱家德、朱德芳、馬秀如,5,D|5|6,3,False,False,651A29001,法律系碩士班,False
1132115,原住民族行政及法規,吳秦雯,3,D|5|6,3,False,False,651A98001,法律系碩士班,False
1132116,營建工程法律專題研究（一）,顏玉明,5,5|6,2,False,False,651B14001,法律系碩士班,False
1132117,國際智慧財產權法專題研究（三）,陳龍昇、謝祥揚,4,E|F,2,False,False,651B41001,法律系碩士班,False
1132118,社會法專題研究（六）,張桐銳,3,3|4,2,False,False,651B65001,法律系碩士班,False
1132119,司法改革專題,許政賢,4,5|6,2,False,False,651B73001,法律系碩士班,False
1132120,美國法律檢索、分析與寫作（二）,朱德芳,0,,2,False,False,651B75001,法律系碩士班,False
1132121,英文法學名著選讀（四）,廖元豪,2,D|5|6,3,False,True,651057001,法律系碩士班,False
1132122,法理學專題研究（四）,陳起行,1,D|5|6|7,1,False,False,651066001,法律系碩士班,False
1132123,比較刑法專題研究（二）,黃士軒,4,D|5|6,3,False,False,651073001,法律系碩士班,False
1132124,刑事證據法專題研究（一）,何賴傑,2,3|4,2,False,False,651330001,法律系碩士班,False
1132125,中國大陸公司法研究（二）,王文杰,3,3|4,2,False,False,651838001,法律系碩士班,False
1132126,信託法理論與實務（二）,方嘉麟、胡玉瑩、馬國柱,5,5|6|7,3,False,False,651A76001,法律系碩士班,False
1132127,專題三：AI與治理,陳柏良,3,2|3|4,3,False,False,651B06001,法律系碩士班,False
1132128,民事審判實務研究,邱景芬,5,D|5|6|7,2,False,False,651B09001,法律系碩士班,False
1132129,法學整合研究與論文研討（二）,王立達,4,F,1,False,False,651B23001,法律系碩士班,False
1132130,商務契約撰擬,朱德芳、程春益,2,7|8,2,False,False,651B31001,法律系碩士班,False
1132131,文化與法律專題研究（三）,王曉丹,5,D|5|6,3,False,False,651B66001,法律系碩士班,False
1132132,氣候變遷與法律,許耀明、傅玲靜,3,5|6,2,False,False,651B68001,法律系碩士班,False
1132133,民事損害賠償訴訟專題,劉明生,3,3|4,2,False,False,651B69001,法律系碩士班,False
1132134,日本民法入門,張韻琪,0,,2,False,False,651B70001,法律系碩士班,False
1132135,刑事立法學專題,黃士軒,3,2|3|4,3,False,False,651B71001,法律系碩士班,False
1132136,爭議案件與法律解釋方法,江玉林,4,2|3|4,3,False,False,651B72001,法律系碩士班,False
1132137,日文法學名著選讀（一）,黃琴唐,2,5|6|7,3,False,True,651019001,法律系碩士班,False
1132138,經濟法專題研究（三）,王立達,4,7|8,2,False,False,651064001,法律系碩士班,False
1132139,國際公法專題研究（一）,陳貞如,4,D|5,2,False,False,651226001,法律系碩士班,False
1132140,財產法專題研究（三）,向明恩,3,5|6,2,False,False,651230001,法律系碩士班,False
1132141,憲法專題研究（五）,蘇永欽,5,3|4,2,False,False,651320001,法律系碩士班,False
1132142,證券交易法專題研究（五）,劉連煜,1,7|8,2,False,False,651359001,法律系碩士班,False
1132143,民事實務專題研究（三）,許政賢,4,7|8,2,False,False,651362001,法律系碩士班,False
1132144,法制史專題研究（五）,陳惠馨,2,5|6,2,False,False,651404001,法律系碩士班,False
1132145,智慧財產權法專題研究（四）,沈宗倫,5,3|4,2,False,False,651419001,法律系碩士班,False
1132146,刑罰思想史專題研究（二）,李聖傑,3,5,1,False,False,651450001,法律系碩士班,False
1132147,民事實務專題研究（二）,蘇永欽,4,3|4,2,False,False,651528001,法律系碩士班,False
1132148,民法中心公益服務實習,周伯峰,4,C,1,False,False,651541001,法律系碩士班,False
1132149,國際人道法與難民法,蔡沛倫,4,5|6,2,False,False,651641001,法律系碩士班,False
1132150,法律經濟分析（一）,簡資修,4,5|6,2,False,False,651718001,法律系碩士班,False
1132151,檢察實務研究（二）,黃謀信,5,5|6,2,False,False,651A46001,法律系碩士班,False
1132152,歐盟法專題研究（二）,許耀明,5,5|6,2,False,False,651A64001,法律系碩士班,False
1132153,刑事訴訟實務研究,陳德民,1,6|7,2,False,False,651B01001,法律系碩士班,False
1132154,親子法專題研究（三）,戴瑀如,1,D|5,2,False,False,651B12001,法律系碩士班,False
1132155,智慧財產權法專題研究（五）,陳龍昇,4,5|6,2,False,False,651B40001,法律系碩士班,False
1132156,法學方法與民事審判實務,魏大喨,4,5|6,2,False,False,651B47001,法律系碩士班,False
1132157,土地、環境與法律,李明芝、傅玲靜,1,7|8,2,False,False,651B48001,法律系碩士班,False
1132158,金融科技創新與監管政策專題,陳盈如、鄭婷嫻,5,3|4,2,False,False,651B67001,法律系碩士班,False
1132159,民事裁判評析與民法理論發展,詹森林,2,5|6,2,False,False,651B74001,法律系碩士班,False
1132160,英文契約導讀及撰寫（二）,顏玉明,0,,2,False,True,651B76001,法律系碩士班,False
1132161,刑事法的脈動,何賴傑,5,3|4,2,False,False,651B77001,法律系碩士班,False
1132201,證券交易法,陳盈如,3,2|3|4,3,False,False,652150001,法科所,False
1132202,證券交易法,周振鋒,5,D|5|6,3,False,False,652150031,法科所,False
1132203,刑事法綜合研習,林俊益,1,5|6|7|8,2,False,False,652159001,法科所,False
1132204,法律服務,呂彥彬,3,C,1,False,False,652160001,法科所,False
1132205,海商法,沈宗倫,2,5|6,2,False,False,652166001,法科所,False
1132206,企業併購法,周振鋒、黃朝琮,5,7|8,2,False,False,652203001,法科所,False
1132207,體育運動與法律（二）,林佳和,1,D|5|6,3,False,False,652204001,法科所,False
1132208,生物醫學倫理與法律（一）,劉宏恩,4,2|3|4,3,False,False,652206001,法科所,False
1132209,國際智慧財產權法專題研究（三）,陳龍昇、謝祥揚,4,E|F,2,False,False,652842001,法科所,False
1132210,民法中心公益服務實習,周伯峰,4,C,1,False,False,652847001,法科所,False
1132211,公法中心公益服務實習,傅玲靜,1,C,1,False,False,652848001,法科所,False
1132212,智慧財產與企業併購專題研究,馮震宇,3,5|6,2,False,False,652858001,法科所,False
1132213,集體勞動法,林良榮,3,5|6,2,False,False,652883001,法科所,False
1132214,強制執行法與破產法,劉明生,3,5|6,2,False,False,652907001,法科所,False
1132215,刑事政策,謝如媛,4,2|3|4,3,False,False,652141001,法科所,False
1132216,證券交易法,林國全,3,2|3|4,3,False,False,652150011,法科所,False
1132217,民事訴訟法（二）,劉明生,2,2|3|4,3,False,False,652162001,法科所,False
1132218,保險法,陳俊元,5,2|3|4,3,False,False,652165011,法科所,False
1132219,海商法,張新平,5,D|5,2,False,False,652166011,法科所,False
1132220,進階刑法,李聖傑,3,2|3|4,3,False,False,652196001,法科所,False
1132221,土地、環境與法律,李明芝、傅玲靜,1,7|8,2,False,False,652201001,法科所,False
1132222,海洋、科技與法律（一）,陳貞如,5,4,1,False,False,652205001,法科所,False
1132223,日本民法入門,張韻琪,0,,2,False,False,652840001,法科所,False
1132224,美國法律檢索、分析與寫作（二）,朱德芳,0,,2,False,False,652841001,法科所,False
1132225,專題三：AI與治理,陳柏良,3,2|3|4,3,False,False,652843001,法科所,False
1132226,刑事證據法專題研究（六）,楊雲驊、簡士淳,5,7|8,2,False,False,652844001,法科所,False
1132227,英文契約導讀及撰寫（二）,顏玉明,0,,2,False,True,652904001,法科所,False
1132228,著作權法,沈宗倫,2,7|8,2,False,False,652911001,法科所,False
1132229,行政法,傅玲靜,4,3|4|C,3,False,False,652101001,法科所,False
1132230,政府採購法,顏玉明,2,5|6,2,False,False,652110001,法科所,False
1132231,行政救濟法,張桐銳,3,7|8|E,3,False,False,652139001,法科所,False
1132232,法律倫理,蔡碧玉,4,3|4,2,False,False,652155001,法科所,False
1132233,民事訴訟法（二）,姜世明,2,2|3|4,3,False,False,652162011,法科所,False
1132234,公平交易法,王立達,5,6|7|8,3,False,False,652164001,法科所,False
1132235,保險法,葉啓洲,5,2|3|4,3,False,False,652165001,法科所,False
1132236,刑事訴訟法（二）,楊雲驊,2,7|8,2,False,False,652170001,法科所,False
1132237,經濟法專題研究（三）,王立達,4,7|8,2,False,False,652846001,法科所,False
1132238,財法中心公益服務實習－金融消費評議中心見習（二）,周振鋒,2,E|F,2,False,False,652849001,法科所,False
1132239,勞動法案例研究,林良榮,3,7|8,2,False,False,652877001,法科所,False
1132240,商標法,陳龍昇,3,5|6,2,False,False,652897001,法科所,False
1141001,民事訴訟法,姜世明,6,2|3|4,3,True,False,961006001,法碩專班,False
1141002,行政法專題研究,詹鎮榮,2,F|G|H,3,False,False,961007001,法碩專班,False
1141003,刑法總則,李聖傑,5,F|G|H,3,True,False,961011001,法碩專班,False
1141004,民法總則,向明恩、周伯峰,6,D|5|6,3,True,False,961012001,法碩專班,False
1141005,憲法,吳秦雯、劉定基、謝碩駿,6,2|3|4,3,True,False,961013001,法碩專班,False
1141006,民法債編各論,王千維、呂彥彬,5,F|G|H,3,True,False,961015001,法碩專班,False
1141007,公司法,周振鋒,6,D|5|6,3,True,False,961042001,法碩專班,False
1141008,身分法,戴瑀如,1,F|G|H,3,False,False,961054001,法碩專班,False
1141009,國際法專題研究,陳貞如,3,F|G|H,3,False,False,961056001,法碩專班,False
1141010,醫事刑法專題研究,李聖傑、林萍章,0,,2,False,False,961072005,法碩專班,True
1141011,家事事件法專題研究,姜世明,6,7|8|E,3,False,False,961086001,法碩專班,False
1141012,保險判決案例分析（一）,葉啓洲,1,F|G|H,3,False,False,961116001,法碩專班,False
1141013,兩岸經貿法制與實務專題研究（一）,王文杰、劉德勳,0,,2,False,False,961149005,法碩專班,true
1141014,資訊法專題研究,陳起行、劉定基,0,,2,False,False,961169005,法碩專班,true
1141015,電子商務與網路法,王立達,3,F|G|H,3,False,False,961175001,法碩專班,False
1141016,智慧財產權法專題研究（二）,沈宗倫、陳龍昇,4,F|G|H,3,False,False,961195001,法碩專班,False
1141017,全球法在地化專題研究,許耀明,0,,2,False,False,961197005,法碩專班,true
1141018,人性尊嚴的歷史與法律解釋,江玉林,6,2|3|4,3,False,False,961220001,法碩專班,False
1141019,家庭中的刑法問題,黃士軒,1,F|G|H,3,False,False,961221001,法碩專班,False
1141020,公平交易法原理與案例分析,王立達,0,,1,False,False,961222005,法碩專班,true
1141021,社會保險法專題研究,張桐銳,2,F|G,2,False,False,961223001,法碩專班,False
1141022,民事訴訟法實例研習（三）,劉明生,0,,1,False,False,961224005,法碩專班,true
1141023,調解法,姜世明,0,,1,False,False,961225005,法碩專班,true
1141024,科技金融商品刑法管制專題研究,李聖傑、洪敏超、萬幼筠,6,D|5|6,3,False,False,961226001,法碩專班,False
1141025,中國大陸投資法律制度與實務（三）,王文杰、朱潤逢,4,F|G|H,3,False,False,961227001,法碩專班,False
1141026,工程契約專題研究,顏玉明,3,F|G|H,3,False,False,961229001,法碩專班,False
1141101,德文法學名著選讀（六）,林佳和,4,D|5|6,3,False,True,651032001,法律系碩士班,False
1141102,日文法學名著選讀（四）,黃琴唐,2,5|6|7,3,False,True,651044001,法律系碩士班,False
1141103,比較刑法專題研究（三）,黃士軒,5,3|4,2,False,False,651097001,法律系碩士班,False
1141104,民事訴訟法專題研究（一）,姜世明,1,5|6,2,False,False,651099001,法律系碩士班,False
1141105,行政法專題研究（四）,詹鎮榮,2,5|6,2,False,False,651127001,法律系碩士班,False
1141106,侵權行為法專題研究（二）,張韻琪,5,D|5|6,3,False,False,651167001,法律系碩士班,False
1141107,刑事訴訟法專題研究（五）,楊雲驊,2,5|6,2,False,False,651174001,法律系碩士班,False
1141108,刑法專題研究（四）,李聖傑、洪敏超,3,5|6,2,False,False,651191001,法律系碩士班,False
1141109,身分法專題研究（二）,林秀雄,4,5|6,2,False,False,651219001,法律系碩士班,False
1141110,公司法專題研究（一）,周振鋒,1,5|6,2,False,False,651242001,法律系碩士班,False
1141111,智慧財產權法專題研究（一）,陳龍昇,3,7|8,2,False,False,651310001,法律系碩士班,False
1141112,契約法專題研究（四）,周伯峰,4,3|4,2,False,False,651313001,法律系碩士班,False
1141113,法社會學專題研究（二）,王曉丹,5,D|5|6,3,False,False,651314001,法律系碩士班,False
1141114,憲法專題研究（六）,林佳和,4,3|4,2,False,False,651325001,法律系碩士班,False
1141115,社會保險法專題研究（一）,孫迺翊,3,3|4,2,False,False,651343001,法律系碩士班,False
1141116,金融法專題研究（五）,林國彬,3,3|4,2,False,False,651353001,法律系碩士班,False
1141117,保險法專題研究（五）,林勳發,2,3|4,2,False,False,651357001,法律系碩士班,False
1141118,集體勞動法專題研究（二）,林佳和,3,7|8,2,False,False,651371001,法律系碩士班,False
1141119,刑事政策專題研究（二）,謝如媛,4,2|3|4,3,False,False,651378001,法律系碩士班,False
1141120,民事實務專題研究（四）,許政賢,4,3|4,2,False,False,651383001,法律系碩士班,False
1141121,財產法專題研究（六）,向明恩,3,5|6,2,False,False,651389001,法律系碩士班,False
1141122,公司法專題研究（八）,劉連煜,1,7|8,2,False,False,651406001,法律系碩士班,False
1141123,法文法學名著選讀（三）,吳秦雯,2,3|4|C,3,False,True,651437001,法律系碩士班,False
1141124,刑罰思想史專題研究（二）,黃源盛,3,3|4,2,False,False,651450001,法律系碩士班,False
1141125,法制史專題研究（六）,黃琴唐,3,5|6|7,3,False,False,651458001,法律系碩士班,False
1141126,公法實務專題研究（一）,董保城,3,7|8,2,False,False,651461001,法律系碩士班,False
1141127,國際智慧財產權法專題研究（二）,沈宗倫,2,3|4,2,False,False,651547001,法律系碩士班,False
1141128,營業秘密：法律與管理,馮震宇,3,5,1,False,False,651603001,法律系碩士班,False
1141129,公司法案例研習（三）,朱德芳,5,C,1,False,False,651650001,法律系碩士班,False
1141130,公司法案例研習（二）,周振鋒,5,C,1,False,False,651696001,法律系碩士班,False
1141131,歐盟經貿法,洪德欽,4,E|F,2,False,False,651706001,法律系碩士班,False
1141132,民法中心公益服務實習（一）,周伯峰,4,C,1,False,False,651715001,法律系碩士班,False
1141133,公司法案例研習（一）,陳盈如,5,C,1,False,False,651717001,法律系碩士班,False
1141134,國際人權法,翁燕菁,4,D|5|6,3,False,False,651731001,法律系碩士班,False
1141135,大陸經貿法律研究（二）,王文杰,4,3|4,2,False,False,651923001,法律系碩士班,False
1141136,律師實務,范瑞華,3,7|8,2,False,False,651A13001,法律系碩士班,False
1141137,國際租稅法,鍾騏,5,2|3|4,3,False,False,651A14001,法律系碩士班,False
1141138,檢察實務研究（二）,黃謀信,2,7|8,2,False,False,651A18001,法律系碩士班,False
1141139,國際公法專題研究（四）,陳貞如,4,D|5,2,False,False,651A24001,法律系碩士班,False
1141140,財經法綜合研習,朱德芳、程春益,1,5|6,2,False,False,651A28001,法律系碩士班,False
1141141,AI與倫理,陳柏良,3,2|3|4,3,False,False,651A59001,法律系碩士班,False
1141142,公法實務專題研究（五）,傅玲靜,2,3|4,2,False,False,651B20001,法律系碩士班,False
1141143,公司治理與ESG,陳盈如,4,D|5,2,False,False,651B59001,法律系碩士班,False
1141144,刑法基礎理論與思想專題研究（一）,廖宜寧,5,D|5|6,3,False,False,651B78001,法律系碩士班,False
1141145,智慧財產權法專題研究（六）,沈宗倫,2,5|6,2,False,False,651B79001,法律系碩士班,False
1141146,人性尊嚴的歷史與法律解釋,江玉林,4,2|3|4,3,False,False,651B80001,法律系碩士班,False
1141147,國際公法研究,陳純一,5,3|4|C,3,False,False,651B81001,法律系碩士班,False
1141148,用台語學法律,詹森林,2,5,1,False,False,651B82001,法律系碩士班,False
1141149,契約法,詹森林,2,6,1,False,False,651B83001,法律系碩士班,False
1141150,環境法,傅玲靜,3,7|8,2,False,False,651B84001,法律系碩士班,False
1141151,要件事實與民事訴訟,邱琦,2,7|8,2,False,False,651B85001,法律系碩士班,False
1141152,英國契約法導論,陳明渝,0,,1,False,True,651B86001,法律系碩士班,False
1141153,英文契約導讀及撰寫（三）,顏玉明,0,,2,False,True,651B87001,法律系碩士班,False
1141154,刑罰思想史專題研究（四）,李聖傑,4,D|5,2,False,False,651B89001,法律系碩士班,False
1141155,社會法名著選讀,張桐銳,2,3|4,2,False,False,651B90001,法律系碩士班,False
1141156,工程法論文專題研討,顏玉明,3,7|8,2,False,False,651B91001,法律系碩士班,False
1141201,企業併購實例研習（一）,方嘉麟、朱德芳、林進富、樓永堅,5,5|6|7,3,False,False,652064001,法科所,False
1141202,憲法,劉定基,1,5|6|7,3,True,False,652098001,法科所,False
1141203,法學導論,葉啓洲,2,5|6,2,True,False,652120001,法科所,False
1141204,工程與法律（一）,顏玉明,5,5|6,2,False,False,652122001,法科所,False
1141205,國際私法,戴瑀如,2,D|5|6,3,False,False,652137001,法科所,False
1141206,金融與法律（二）,詹庭禎,3,E|F,2,False,False,652144001,法科所,False
1141207,勞動法,林佳和,3,D|5|6,3,False,False,652151001,法科所,False
1141208,法律倫理,劉宏恩,4,5|6,2,False,False,652155001,法科所,False
1141209,法律服務,呂彥彬,2,C,1,False,False,652160001,法科所,False
1141210,票據法,顏玉明,3,3|4,2,False,False,652167001,法科所,False
1141211,票據法,陳盈如,4,3|4,2,False,False,652167011,法科所,False
1141212,智慧財產權法總論,沈宗倫,5,5|6,2,False,False,652168001,法科所,False
1141214,商事法總論與公司法,陳盈如,5,2|3|4,3,False,False,652174001,法科所,False
1141215,商事法總論與公司法,周振鋒,5,2|3|4,3,False,False,652174011,法科所,False
1141216,商事法總論與公司法,朱德芳,5,2|3|4,3,False,False,652174021,法科所,False
1141217,非訟程序,姜世明,3,7|8,2,False,False,652175001,法科所,False
1141218,民事法綜合研習,呂彥彬,1,7|8,2,False,False,652178001,法科所,False
1141219,資訊科技與法律（二）,謝國廉,1,D|5|6|7,2,False,False,652187001,法科所,False
1141220,臨終死亡的倫理與法律議題（一）,劉宏恩,3,7|8|E,3,False,False,652192001,法科所,False
1141221,基礎刑法,陳志輝,3,2|3|4,3,True,False,652193001,法科所,False
1141222,專利法,陳龍昇,3,5|6,2,False,False,652197001,法科所,False
1141223,會計實務與法律專題研究（一）,朱德芳、馬秀如、詹聰哲,3,E|F|G,2,False,False,652199001,法科所,False
1141224,國際海洋法,陳貞如,5,6|7,2,False,False,652200001,法科所,False
1141225,環境法,傅玲靜,3,7|8,2,False,False,652207001,法科所,False
1141226,全球治理與國際法,陳貞如,5,D|5,2,False,False,652208001,法科所,False
1141227,個人資料保護法,劉定基,3,D|5|6,3,False,False,652209001,法科所,False
1141228,法社會學,王曉丹,3,D|5|6,3,False,False,652210001,法科所,False
1141229,社會保險法,張桐銳,3,3|4,2,False,False,652829001,法科所,False
1141230,公司治理與 ESG,陳盈如,4,D|5,2,False,False,652830001,法科所,False
1141231,AI與倫理,陳柏良,3,2|3|4,3,False,False,652831001,法科所,False
1141232,國際租稅法,鍾騏,5,2|3|4,3,False,False,652832001,法科所,False
1141233,英文契約導讀及撰寫（三）,顏玉明,0,,2,False,True,652833001,法科所,False
1141234,英國契約法導論,陳明渝,0,,1,False,True,652834001,法科所,False
1141235,民法中心公益服務實習（一）,周伯峰,4,C,1,False,False,652835001,法科所,False
1141236,國際人權法,翁燕菁,4,D|5|6,3,False,False,652836001,法科所,False
1141237,智財法學研究方法,陳秉訓,3,2|3|4,3,False,False,652837001,法科所,False
1141238,國際智慧財產權法專題研究（二）,沈宗倫,2,3|4,2,False,False,652838001,法科所,False
1141239,契約法,詹森林,2,6,1,False,False,652839001,法科所,False
1141240,公務員法,張桐銳,1,7|8,2,False,False,652871001,法科所,False
1141241,專利實務,陳秉訓,5,2|3|4,3,False,False,652885001,法科所,False
1141242,歐盟經貿法,洪德欽,4,E|F,2,False,False,652892001,法科所,False
1141243,家事事件法,姜世明,4,3|4,2,False,False,652905001,法科所,False
1142001,行政法,張桐銳、傅玲靜,5,F|G|H,3,True,,961020001,法碩專班,False
1142002,民法債編總論,王千維、呂彥彬,6,2|3|4,3,True,,961021001,法碩專班,False
1142003,刑法分則,黃士軒,6,D|5|6,3,True,,961023001,法碩專班,False
1142004,刑事訴訟法,楊雲驊,6,2|3|4,3,True,,961024001,法碩專班,False
1142005,企業併購法專題研究,陳盈如、陳泰明,2,F|G|H,3,False,,961028001,法碩專班,False
1142006,國際貿易法專題研究,許耀明,3,F|G|H,3,False,,961031001,法碩專班,False
1142007,保險法專題研究,葉啓洲,2,F|G|H,3,False,,961040001,法碩專班,False
1142009,個人資料保護法,劉定基,1,F|G|H,3,False,,961139001,法碩專班,False
1142010,信託法,周振鋒,4,F|G|H,3,False,,961147001,法碩專班,False
1142011,視覺影像中的法律,江玉林,6,2|3|4,3,False,,961154001,法碩專班,False
1142012,論文寫作專題研究,王曉丹、李聖傑、陳龍昇、劉定基、戴瑀如,5,F|G|H,3,True,,961156001,法碩專班,False
1142013,民事證據法,姜世明,6,7|8,2,False,,961165001,法碩專班,False
1142014,金融科技創新與監管政策專題研究,陳盈如、鄭婷嫻,5,F|G|H,3,False,,961218001,法碩專班,False
1142015,亞洲法研究（一）：日本法,王文杰、謝如媛,0,,2,False,,961230001,法碩專班,False
1142016,工程訴訟專題研究,黃明發、顏玉明,3,F|G|H,3,False,,961231001,法碩專班,False
1142017,物權法,呂彥彬、張韻琪,6,D|5|6,3,True,,961022001,法碩專班,False
1142101,公法中心公益服務實習（一）,傅玲靜,1,D,1,False,False,651734001,法律系碩士班,False
1142102,法理學專題研究（五）,陳起行,1,D|5|6|7,1,False,False,651361001,法律系碩士班,False
1142103,原住民族行政及法規,吳秦雯,1,D|5|6,3,False,False,651A98001,法律系碩士班,False
1142104,德文法學名著選讀（一）,楊雲驊,1,6|7|8,3,False,True,651005001,法律系碩士班,False
1142105,刑事訴訟實務研究,陳德民,1,6|7,2,False,False,651B01001,法律系碩士班,False
1142106,證券交易法專題研究（二）,劉連煜,1,7|8,2,False,False,651323001,法律系碩士班,False
1142107,法制史專題研究（六）,陳惠馨,2,2|3|4|C,1,False,False,651458001,法律系碩士班,False
1142108,財產法專題研究（五）,王千維,2,3|4,2,False,False,651025001,法律系碩士班,False
1142109,德國、英國和美國民法案例研習,詹森林,2,4,1,False,False,651B98001,法律系碩士班,False
1142110,民法中心公益服務實習（二）,周伯峰,2,C,1,False,False,651670001,法律系碩士班,False
1142111,比較憲法專題研究（四）,廖元豪,2,5|6,2,False,False,651351001,法律系碩士班,False
1142112,刑事訴訟法專題研究（一）,楊雲驊,2,5|6,2,False,False,651944001,法律系碩士班,False
1142113,民事裁判與法律思維,詹森林,2,5|6,2,False,False,651B97001,法律系碩士班,False
1142114,財產法專題研究（四）,呂彥彬,2,7|8,2,False,False,651316001,法律系碩士班,False
1142115,檢察實務研究（二）,黃謀信,2,7|8,2,False,False,651A46001,法律系碩士班,False
1142116,法制史專題研究（一）,黃琴唐,3,2|3|4,3,False,False,651215001,法律系碩士班,False
1142117,AI與治理,陳柏良,3,2|3|4,3,False,False,651B30001,法律系碩士班,False
1142118,少年法專題研究（一）,謝如媛,3,2|3|4,3,False,False,651C04001,法律系碩士班,False
1142119,社會法專題研究（四）,張桐銳,3,3|4,2,False,False,651457001,法律系碩士班,False
1142120,英文公法學名著選讀（一）,劉定基,3,5|6|7,3,False,True,651387001,法律系碩士班,False
1142121,財產法專題研究（一）,向明恩,3,5|6,2,False,False,651395001,法律系碩士班,False
1142122,公法實務專題研究（二）,陳靜慧,3,5|6,2,False,False,651474001,法律系碩士班,False
1142123,工程法論文專題研討（一）,顏玉明,3,7|8,2,False,False,651C05001,法律系碩士班,False
1142124,日文法學名著選讀（五）,謝如媛,4,2|3|4,3,False,True,651391001,法律系碩士班,False
1142125,公衛政策與法律管制,江玉林,4,2|3|4,3,False,False,651C02001,法律系碩士班,False
1142126,證券交易法專題研究（三）,周振鋒,4,3|4,2,False,False,651036001,法律系碩士班,False
1142127,親子法專題研究（一）,戴瑀如,4,3|4,2,False,False,651095001,法律系碩士班,False
1142128,國際人道法與難民法,蔡沛倫,4,3|4,2,False,False,651641001,法律系碩士班,False
1142129,國際環境法,許耀明,4,3|4,2,False,False,651B99001,法律系碩士班,False
1142130,英文法學名著選讀（九）,陳龍昇,4,D|5|6,3,False,True,651B93001,法律系碩士班,False
1142131,消費者保護法專題研究（一）,周伯峰,4,5|6,2,False,False,651212001,法律系碩士班,False
1142132,民事審判實務研究（一）,黃明發,4,5|6|7|8,2,False,False,651B32001,法律系碩士班,False
1142133,智慧財產、數位平台與競爭法,王立達,4,5|6|7,3,False,False,651B53001,法律系碩士班,False
1142134,法律經濟分析（二）,簡資修,4,5|6,2,False,False,651B96001,法律系碩士班,False
1142135,刑事立法學專題（一）,黃士軒,4,5|6,2,False,False,651C03001,法律系碩士班,False
1142136,WTO專題研究：農業與環境,洪德欽,4,E|F,2,False,False,651719001,法律系碩士班,False
1142137,國際智慧財產權法專題研究（四）,陳龍昇、謝祥揚,4,E|F,2,False,False,651B94001,法律系碩士班,False
1142138,法學整合研究與論文研討,王立達,4,F,1,False,False,651B13001,法律系碩士班,False
1142139,民事實務專題研究（五）,蘇永欽,5,3|4,2,False,False,651B92001,法律系碩士班,False
1142140,國際公法專題研究（二）,陳貞如,5,D|5,2,False,False,651249001,法律系碩士班,False
1142141,刑法理論綜合演習,廖宜寧,5,D|5|6,3,False,False,651C01001,法律系碩士班,False
1142142,信託法理論與實務,方嘉麟、馬國柱、詳備註,5,5|6|7,3,False,False,651574001,法律系碩士班,False
1142143,法社會學專題研究（四）,王曉丹,5,5|6|7,3,False,False,651B95001,法律系碩士班,False
1142144,環境保護法專題研究（一）,陳貞如、傅玲靜,5,6|7,2,False,False,651444001,法律系碩士班,False
1142145,刑事證據法專題研究（二）,楊雲驊、簡士淳,5,7|8,2,False,False,651336001,法律系碩士班,False
1142201,法律服務,呂彥彬,1,C,1,False,False,652160001,法科所,False
1142202,公法中心公益服務實習（一）,傅玲靜,1,C,1,False,False,652826001,法科所,False
1142203,證券交易法,陳盈如,1,D|5|6,3,False,False,652150001,法科所,False
1142204,刑事法綜合研習,林俊益,1,5|6|7|8,2,False,False,652159001,法科所,False
1142205,土地、環境與法律,李明芝、傅玲靜,1,7|8,2,False,False,652201001,法科所,False
1142206,民事訴訟法（二）,姜世明,2,2|3|4,3,False,False,652162011,法科所,False
1142207,民法中心公益服務實習（二）,周伯峰,2,C,1,False,False,652823001,法科所,False
1142208,海商法,沈宗倫,2,5|6,2,False,False,652166001,法科所,False
1142209,強制執行法與破產法,姜世明,2,5|6,2,False,False,652907001,法科所,False
1142210,刑事訴訟法（二）,楊雲驊,2,7|8,2,False,False,652170001,法科所,False
1142211,著作權法,沈宗倫,2,7|8,2,False,False,652211001,法科所,False
1142212,行政救濟法,蔡進良,3,2|3|4,3,False,False,652139001,法科所,False
1142213,進階刑法,陳志輝,3,2|3|4,3,False,False,652196001,法科所,False
1142214,AI與治理,陳柏良,3,2|3|4,3,False,False,652822001,法科所,False
1142215,商標法,陳龍昇,3,5|6,2,False,False,652213001,法科所,False
1142216,智慧財產與企業併購專題研究,馮震宇,3,5|6,2,False,False,652858001,法科所,False
1142217,行政法,詹鎮榮,4,2|3|4,3,False,False,652101001,法科所,False
1142218,臨終死亡的倫理與法律議題（一）,劉宏恩,4,2|3|4,3,False,False,652192001,法科所,False
1142219,法律倫理,蔡碧玉,4,3|4,2,False,False,652155001,法科所,False
1142220,衝突管理與調解學,姜世明,4,3|4,2,False,False,652828001,法科所,False
1142221,國際貿易與法律（一）,洪德欽、許耀明、陳貞如,4,5|6|7,3,False,False,652126001,法科所,False
1142222,法律倫理,姜世明,4,5|6,2,False,False,652155011,法科所,False
1142223,智慧財產、數位平台與競爭法,王立達,4,5|6|7,3,False,False,652194001,法科所,False
1142224,進階德文,詳備註,4,5|6,2,False,True,652825001,法科所,False
1142225,國際智慧財產權法專題研究（四）,陳龍昇、謝祥揚,4,E|F,2,False,False,652827001,法科所,False
1142226,WTO專題研究：農業與環境,洪德欽,4,E|F,2,False,False,652893001,法科所,False
1142227,保險法,葉啓洲,5,2|3|4,3,False,False,652165001,法科所,False
1142228,保險法,陳俊元,5,2|3|4,3,False,False,652165011,法科所,False
1142229,民事訴訟法（二）,邱琦,5,D|5|6,3,False,False,652162001,法科所,False
1142230,海商法,張新平,5,D|5,2,False,False,652166011,法科所,False
1142231,企業併購法,周振鋒、黃朝琮,5,D|5,2,False,False,652203001,法科所,False
1142232,政府採購法,顏玉明,5,5|6,2,False,False,652110001,法科所,False
1142233,證券交易法,周振鋒,5,6|7|8,3,False,False,652150011,法科所,False
1142234,公平交易法,王立達,5,6|7|8,3,False,False,652164001,法科所,False
1142235,刑事證據法專題研究（二）,楊雲驊、簡士淳,5,7|8,2,False,False,652824001,法科所,False
1151001,法律倫理,姜世明,6,7|8|E,1,True,False,961075005,法碩專班,True
1151002,兩岸經貿法制與實務專題研究（二）,王文杰、詳備註,4,F|G|H,2,False,False,961080005,法碩專班,True
1151003,歐盟法專題研究,許耀明,3,F|G|H,2,False,False,961164005,法碩專班,True
1151004,法律與正義,江玉林,7,2|3|4,2,False,False,961198005,法碩專班,True
1151005,公司治理專題研究（四）,周振鋒,6,2|3|4|D|5|6,2,False,False,961219005,法碩專班,True
1151006,公平交易法原理與案例分析,王立達,5,F|G|H,1,False,False,961222005,法碩專班,True
1151007,財經刑法專題研究,李聖傑,2,F|G|H,2,False,False,961233005,法碩專班,True
1151008,抵押權相關判決導讀,吳瑾瑜,7,5|6|7,1,False,False,961234005,法碩專班,True
1151009,國際商務糾紛解決,顏玉明,1,F|G|H,2,False,False,961236005,法碩專班,True
